institution,campus,lat,lon
Murdoch University,Perth (Murdoch),-32.067,115.835
The University of Sydney,Camperdown,-33.888,151.187
RMIT University,Melbourne City,-37.808,144.963
University of New South Wales,Kensington,-33.918,151.231
University of Wollongong,Wollongong,-34.406,150.879
Victoria University,Footscray Park,-37.793,144.899
Monash University,Clayton,-37.911,145.134
Torrens University Australia,Adelaide,-34.928,138.600
The University of Melbourne,Parkville,-37.798,144.961
The Australian National University,Acton,-35.278,149.120
James Cook University,Townsville,-19.329,146.758
The University of Queensland,St Lucia,-27.497,153.013
Bond University,Gold Coast (Robina),-28.074,153.414
Swinburne University of Technology,Hawthorn,-37.822,145.039
The University of Western Australia,Crawley,-31.980,115.818
The University of Adelaide,North Terrace,-34.920,138.604
Federation University Australia,Ballarat (Mt Helen),-37.626,143.890
Edith Cowan University,Joondalup,-31.752,115.770
Southern Cross University,Lismore,-28.818,153.297
Curtin University,Bentley,-32.006,115.894
Charles Darwin University,Casuarina,-12.372,130.869
Deakin University,Burwood,-37.847,145.115
University of Technology Sydney,Ultimo,-33.884,151.199
University of Canberra,Bruce,-35.238,149.084
Flinders University,Bedford Park,-35.021,138.572
CQUniversity,Rockhampton,-23.322,150.522
Macquarie University,North Ryde,-33.774,151.113
La Trobe University,Bundoora,-37.721,145.048
Western Sydney University,Parramatta,-33.815,151.003
Griffith University,Nathan,-27.553,153.053
University of South Australia,City West,-34.921,138.592
Queensland University of Technology,Gardens Point,-27.477,153.028
The University of Newcastle,Callaghan,-32.893,151.704
Australian Catholic University,North Sydney,-33.839,151.208
University of Tasmania,Sandy Bay,-42.903,147.326
University of the Sunshine Coast,Sippy Downs,-26.718,153.062
Charles Sturt University,Bathurst,-33.418,149.556
University of Southern Queensland,Toowoomba,-27.605,151.932
University of Divinity,Parkville,-37.794,144.966
The University of Notre Dame Australia,Fremantle,-32.055,115.747
Avondale University,Cooranbong,-33.075,151.453
The University of New England,Armidale,-30.488,151.643
Batchelor Institute of Indigenous Tertiary Education,Batchelor,-13.050,131.030
