name,iso3,lon,lat
Zimbabwe,ZWE,29.925,-18.925
Zambia,ZMB,25.914,-14.899
Yemen,YEM,45.897,15.319
Vietnam,VNM,105.448,21.684
Venezuela,VEN,-64.501,7.126
Vatican,VAT,12.435,41.902
Vanuatu,VUT,166.875,-15.369
Uzbekistan,UZB,63.977,41.322
Uruguay,URY,-56.014,-32.871
Micronesia,FSM,158.232,6.877
Marshall Is.,MHL,171.154,7.103
N. Mariana Is.,MNP,145.731,15.163
U.S. Virgin Is.,VIR,-64.799,17.746
Guam,GUM,144.716,13.413
American Samoa,ASM,-170.744,-14.312
Puerto Rico,PRI,-66.5,18.224
United States of America,USA,-97.198,38.507
S. Geo. and the Is.,SGS,-36.357,-54.448
Br. Indian Ocean Ter.,IOT,72.478,-7.271
Saint Helena,SHN,-5.726,-15.952
Pitcairn Is.,PCN,-128.316,-24.366
Anguilla,AIA,-63.046,18.237
Falkland Is.,FLK,-58.744,-51.655
Cayman Is.,CYM,-81.285,19.321
Bermuda,BMU,-64.744,32.31
British Virgin Is.,VGB,-64.39,18.494
Turks and Caicos Is.,TCA,-71.741,21.81
Montserrat,MSR,-62.186,16.718
Jersey,JEY,-2.178,49.225
Guernsey,GGY,-2.562,49.46
Isle of Man,IMN,-4.544,54.233
United Kingdom,GBR,-1.484,52.799
United Arab Emirates,ARE,54.339,23.485
Ukraine,UKR,31.977,49.426
Uganda,UGA,32.417,0.896
Turkmenistan,TKM,60.679,38.927
Turkey,TUR,35.281,39.192
Tunisia,TUN,9.013,33.866
Trinidad and Tobago,TTO,-61.27,10.351
Tonga,TON,-175.224,-21.176
Togo,TGO,1.033,8.78
Timor-Leste,TLS,125.767,-8.83
Thailand,THA,101.015,15.478
Tanzania,TZA,34.692,-5.984
Tajikistan,TJK,72.553,38.225
Taiwan,TWN,120.954,23.829
Syria,SYR,38.222,34.983
Switzerland,CHE,7.848,46.818
Sweden,SWE,16.309,64.225
eSwatini,SWZ,31.429,-26.59
Suriname,SUR,-55.952,4.188
S. Sudan,SSD,30.338,7.227
Sudan,SDN,29.268,16.327
Sri Lanka,LKA,80.701,7.562
Spain,ESP,-3.478,40.114
South Korea,KOR,128.008,36.519
South Africa,ZAF,23.226,-30.057
Somalia,SOM,43.627,2.812
Solomon Is.,SLB,160.156,-9.636
Slovakia,SVK,19.058,48.803
Slovenia,SVN,15.057,46.044
Singapore,SGP,103.815,1.349
Sierra Leone,SLE,-11.748,8.628
Seychelles,SYC,55.452,-4.611
Serbia,SRB,20.611,44.116
Senegal,SEN,-14.243,14.435
Saudi Arabia,SAU,45.251,23.27
São Tomé and Principe,STP,6.651,0.283
San Marino,SMR,12.459,43.943
Samoa,WSM,-172.454,-13.647
St. Vin. and Gren.,VCT,-61.192,13.25
Saint Lucia,LCA,-60.947,13.915
St. Kitts and Nevis,KNA,-62.744,17.333
Rwanda,RWA,29.999,-1.859
Russia,RUS,92.696,63.134
Romania,ROU,24.972,45.726
Qatar,QAT,51.164,25.296
Portugal,PRT,-8.274,39.148
Poland,POL,19.459,52.016
Philippines,PHL,121.425,16.949
Peru,PER,-72.904,-12.989
Paraguay,PRY,-60.148,-21.678
Papua New Guinea,PNG,143.348,-5.829
Panama,PAN,-81.019,8.259
Palau,PLW,134.578,7.511
Pakistan,PAK,68.531,29.299
Oman,OMN,57.386,22.126
Norway,NOR,9.658,61.288
North Korea,PRK,126.425,39.853
Nigeria,NGA,7.963,9.611
Niger,NER,9.506,17.445
Nicaragua,NIC,-85.055,12.594
New Zealand,NZL,169.336,-45.155
Niue,NIU,-169.865,-19.063
Cook Is.,COK,-159.791,-21.218
Netherlands,NLD,5.494,52.352
Aruba,ABW,-69.975,12.51
Curaçao,CUW,-68.953,12.164
Nepal,NPL,83.594,28.301
Nauru,NRU,166.929,-0.52
Namibia,NAM,17.11,-20.588
Mozambique,MOZ,37.818,-13.929
Morocco,MAR,-7.259,31.67
W. Sahara,SAH,-12.636,23.976
Montenegro,MNE,19.111,42.861
Mongolia,MNG,104.165,46.032
Moldova,MDA,28.483,47.424
Monaco,MCO,7.413,43.753
Mexico,MEX,-102.296,23.927
Mauritius,MUS,57.601,-20.23
Mauritania,MRT,-9.859,19.294
Malta,MLT,14.453,35.88
Mali,MLI,-2.033,18.711
Maldives,MDV,73.503,4.198
Malaysia,MYS,113.82,2.53
Malawi,MWI,33.983,-11.422
Madagascar,MDG,46.7,-18.284
North Macedonia,MKD,21.427,41.546
Luxembourg,LUX,6.092,49.778
Lithuania,LTU,24.092,55.111
Liechtenstein,LIE,9.532,47.11
Libya,LBY,18.011,26.643
Liberia,LBR,-9.45,6.48
Lesotho,LSO,28.155,-29.51
Lebanon,LBN,36.02,34.114
Latvia,LVA,25.422,57.079
Laos,LAO,102.512,19.657
Kyrgyzstan,KGZ,74.457,41.651
Kuwait,KWT,47.465,29.487
Kosovo,XKX,20.889,42.549
Kiribati,KIR,-157.345,1.8
Kenya,KEN,37.868,0.488
Kazakhstan,KAZ,68.983,48.34
Jordan,JOR,36.416,30.727
Japan,JPN,138.434,36.126
Jamaica,JAM,-77.404,18.155
Italy,ITA,11.667,43.532
Israel,ISR,34.847,31.103
Palestine,PSE,35.261,31.99
Ireland,IRL,-8.118,53.138
Iraq,IRQ,43.256,33.099
Iran,IRN,54.91,32.133
Indonesia,IDN,101.892,-0.702
India,IND,78.594,22.66
Iceland,ISL,-18.873,64.794
Hungary,HUN,19.466,47.114
Honduras,HND,-86.817,14.772
Haiti,HTI,-72.179,19.199
Guyana,GUY,-58.813,5.69
Guinea-Bissau,GNB,-14.966,12.074
Guinea,GIN,-9.971,10.635
Guatemala,GTM,-90.562,14.992
Grenada,GRD,-61.668,12.122
Greece,GRC,21.752,39.371
Ghana,GHA,-1.002,7.573
Germany,DEU,9.837,51.103
Georgia,GEO,43.481,41.982
Gambia,GMB,-16.213,13.371
Gabon,GAB,11.491,-0.619
France,FRA,2.464,46.734
St. Pierre and Miquelon,SPM,-56.332,47.036
Wallis and Futuna Is.,WLF,-178.124,-14.288
St-Martin,MAF,-63.065,18.089
St-Barthélemy,BLM,-62.83,17.899
Fr. Polynesia,PYF,-149.476,-17.622
New Caledonia,NCL,165.228,-21.16
Fr. S. Antarctic Lands,ATF,69.392,-49.383
Åland,ALD,19.921,60.243
Finland,FIN,27.282,63.258
Fiji,FJI,177.984,-17.819
Ethiopia,ETH,38.868,8.028
Estonia,EST,25.853,58.734
Eritrea,ERI,38.278,15.793
Eq. Guinea,GNQ,10.476,1.592
El Salvador,SLV,-88.857,13.736
Egypt,EGY,29.261,26.446
Ecuador,ECU,-78.43,-1.201
Dominican Rep.,DOM,-70.513,19.013
Dominica,DMA,-61.371,15.478
Djibouti,DJI,42.335,11.54
Greenland,GRL,-39.212,74.479
Faeroe Is.,FRO,-6.988,62.184
Denmark,DNK,9.075,56.241
Czechia,CZE,15.3,49.836
N. Cyprus,CYP,33.073,35.007
Cuba,CUB,-77.708,21.288
Croatia,HRV,16.463,45.82
Côte d'Ivoire,CIV,-5.617,7.554
Costa Rica,CRI,-84.063,10.083
Dem. Rep. Congo,COD,23.5,-2.3
Congo,COG,15.885,-0.033
Comoros,COM,43.347,-11.746
Colombia,COL,-73.169,3.529
China,CHN,106.322,32.525
Macao,MAC,113.5,22.231
Hong Kong,HKG,114.192,22.458
Chile,CHL,-72.36,-38.249
Chad,TCD,18.746,15.196
Central African Rep.,CAF,20.927,6.982
Cabo Verde,CPV,-23.619,15.064
Canada,CAN,-112.363,58.342
Cameroon,CMR,12.482,4.596
Cambodia,KHM,104.603,12.742
Myanmar,MMR,95.819,21.625
Burundi,BDI,29.867,-3.36
Burkina Faso,BFA,-1.17,12.697
Bulgaria,BGR,25.27,42.469
Brunei,BRN,114.55,4.44
Brazil,BRA,-49.552,-11.901
Botswana,BWA,24.179,-22.149
Bosnia and Herz.,BIH,17.787,44.138
Bolivia,BOL,-64.69,-16.629
Bhutan,BTN,90.387,27.477
Benin,BEN,2.35,10.126
Belize,BLZ,-88.733,17.159
Belgium,BEL,5.16,50.505
Belarus,BLR,28.423,53.8
Barbados,BRB,-59.536,13.163
Bangladesh,BGD,90.047,24.073
Bahrain,BHR,50.535,26.041
Bahamas,BHS,-78.027,24.723
Azerbaijan,AZE,47.208,40.344
Austria,AUT,14.128,47.534
Australia,AUS,132.382,-23.018
Indian Ocean Ter.,IOA,105.675,-10.503
Heard I. and McDonald Is.,HMD,73.519,-53.101
Norfolk Island,NFK,167.946,-29.06
Ashmore and Cartier Is.,ATC,123.584,-12.43
Armenia,ARM,44.775,40.485
Argentina,ARG,-64.18,-33.534
Antigua and Barb.,ATG,-61.798,17.07
Angola,AGO,17.978,-12.152
Andorra,AND,1.527,42.505
Algeria,DZA,3.315,27.934
Albania,ALB,20.064,40.798
Afghanistan,AFG,66.5,34.172
Sint Maarten,SXM,-63.042,18.049
Tuvalu,TUV,179.206,-8.503