nationality,iso3,matched_by,region_group,lon,lat,population,pop_source
Afghanistan,AFG,World Bank name,South & Central Asia,66.5,34.172,43844111.0,"World Bank SP.POP.TOTL, 2025"
Albania,ALB,World Bank name,"Europe, Middle East & Oceania",20.064,40.798,2349580.0,"World Bank SP.POP.TOTL, 2025"
Algeria,DZA,World Bank name,"Europe, Middle East & Oceania",3.315,27.934,47435312.0,"World Bank SP.POP.TOTL, 2025"
Andorra,AND,World Bank name,"Europe, Middle East & Oceania",1.527,42.505,82904.0,"World Bank SP.POP.TOTL, 2025"
Angola,AGO,World Bank name,Sub-Saharan Africa,17.978,-12.152,39040039.0,"World Bank SP.POP.TOTL, 2025"
Anguilla,AIA,manual,,-63.046,18.237,,
Antigua and Barbuda,ATG,World Bank name,Americas,-61.798,17.07,94209.0,"World Bank SP.POP.TOTL, 2025"
Argentina,ARG,World Bank name,Americas,-64.18,-33.534,45851378.0,"World Bank SP.POP.TOTL, 2025"
Armenia,ARM,World Bank name,South & Central Asia,44.775,40.485,3086700.0,"World Bank SP.POP.TOTL, 2025"
Austria,AUT,World Bank name,"Europe, Middle East & Oceania",14.128,47.534,9208163.0,"World Bank SP.POP.TOTL, 2025"
Azerbaijan,AZE,World Bank name,South & Central Asia,47.208,40.344,10246996.0,"World Bank SP.POP.TOTL, 2025"
Bahamas,BHS,manual,Americas,-78.027,24.723,403033.0,"World Bank SP.POP.TOTL, 2025"
Bahrain,BHR,World Bank name,"Europe, Middle East & Oceania",50.535,26.041,1600366.0,"World Bank SP.POP.TOTL, 2025"
Bangladesh,BGD,World Bank name,South & Central Asia,90.047,24.073,175686899.0,"World Bank SP.POP.TOTL, 2025"
Barbados,BRB,World Bank name,Americas,-59.536,13.163,282623.0,"World Bank SP.POP.TOTL, 2025"
Belarus,BLR,World Bank name,"Europe, Middle East & Oceania",28.423,53.8,9085991.0,"World Bank SP.POP.TOTL, 2025"
Belgium,BEL,World Bank name,"Europe, Middle East & Oceania",5.16,50.505,11941781.0,"World Bank SP.POP.TOTL, 2025"
Belize,BLZ,World Bank name,Americas,-88.733,17.159,422924.0,"World Bank SP.POP.TOTL, 2025"
Benin,BEN,World Bank name,Sub-Saharan Africa,2.35,10.126,14814460.0,"World Bank SP.POP.TOTL, 2025"
Bermuda,BMU,World Bank name,Americas,-64.744,32.31,64555.0,"World Bank SP.POP.TOTL, 2025"
Bhutan,BTN,World Bank name,South & Central Asia,90.387,27.477,796682.0,"World Bank SP.POP.TOTL, 2025"
Bolivia,BOL,World Bank name,Americas,-64.69,-16.629,12581843.0,"World Bank SP.POP.TOTL, 2025"
Bosnia and Herzegovina,BIH,World Bank name,"Europe, Middle East & Oceania",17.787,44.138,3140095.0,"World Bank SP.POP.TOTL, 2025"
Botswana,BWA,World Bank name,Sub-Saharan Africa,24.179,-22.149,2562122.0,"World Bank SP.POP.TOTL, 2025"
Bouvet Island,,excluded,Sub-Saharan Africa,,,,
Brazil,BRA,World Bank name,Americas,-49.552,-11.901,212812405.0,"World Bank SP.POP.TOTL, 2025"
British Indian Ocean Territory,,excluded,Sub-Saharan Africa,,,,
Brunei Darussalam,BRN,manual,South-East Asia,114.55,4.44,466330.0,"World Bank SP.POP.TOTL, 2025"
Bulgaria,BGR,World Bank name,"Europe, Middle East & Oceania",25.27,42.469,6433302.0,"World Bank SP.POP.TOTL, 2025"
Burkina Faso,BFA,World Bank name,Sub-Saharan Africa,-1.17,12.697,24074580.0,"World Bank SP.POP.TOTL, 2025"
Burundi,BDI,World Bank name,Sub-Saharan Africa,29.867,-3.36,14390003.0,"World Bank SP.POP.TOTL, 2025"
Cambodia,KHM,World Bank name,South-East Asia,104.603,12.742,17847982.0,"World Bank SP.POP.TOTL, 2025"
Cameroon,CMR,World Bank name,Sub-Saharan Africa,12.482,4.596,29879337.0,"World Bank SP.POP.TOTL, 2025"
Canada,CAN,World Bank name,Americas,-112.363,58.342,41651653.0,"World Bank SP.POP.TOTL, 2025"
Chad,TCD,World Bank name,Sub-Saharan Africa,18.746,15.196,21003705.0,"World Bank SP.POP.TOTL, 2025"
Chile,CHL,World Bank name,Americas,-72.36,-38.249,19859921.0,"World Bank SP.POP.TOTL, 2025"
China,CHN,World Bank name,North-East Asia,106.322,32.525,1406585000.0,"World Bank SP.POP.TOTL, 2025"
Cocos (Keeling) Islands,,excluded,Sub-Saharan Africa,,,,
Colombia,COL,World Bank name,Americas,-73.169,3.529,53425635.0,"World Bank SP.POP.TOTL, 2025"
Comoros,COM,World Bank name,Sub-Saharan Africa,43.347,-11.746,882847.0,"World Bank SP.POP.TOTL, 2025"
"Congo, Democratic Republic of",COD,manual,Sub-Saharan Africa,23.5,-2.3,112832473.0,"World Bank SP.POP.TOTL, 2025"
"Congo, Republic of",COG,manual,Sub-Saharan Africa,15.885,-0.033,6484437.0,"World Bank SP.POP.TOTL, 2025"
Cook Islands,COK,manual,"Europe, Middle East & Oceania",-159.791,-21.218,,
Costa Rica,CRI,World Bank name,Americas,-84.063,10.083,5152950.0,"World Bank SP.POP.TOTL, 2025"
Cote d'Ivoire,CIV,manual,Sub-Saharan Africa,-5.617,7.554,32711547.0,"World Bank SP.POP.TOTL, 2025"
Croatia,HRV,World Bank name,"Europe, Middle East & Oceania",16.463,45.82,3876200.0,"World Bank SP.POP.TOTL, 2025"
Cuba,CUB,World Bank name,Americas,-77.708,21.288,10937203.0,"World Bank SP.POP.TOTL, 2025"
Cyprus,CYP,World Bank name,"Europe, Middle East & Oceania",33.073,35.007,1370754.0,"World Bank SP.POP.TOTL, 2025"
Czech Republic,CZE,manual,"Europe, Middle East & Oceania",15.3,49.836,10886878.0,"World Bank SP.POP.TOTL, 2025"
Denmark,DNK,World Bank name,"Europe, Middle East & Oceania",9.075,56.241,6009169.0,"World Bank SP.POP.TOTL, 2025"
Djibouti,DJI,World Bank name,Sub-Saharan Africa,42.335,11.54,1184076.0,"World Bank SP.POP.TOTL, 2025"
Dominica,DMA,World Bank name,Americas,-61.371,15.478,65871.0,"World Bank SP.POP.TOTL, 2025"
Dominican Republic,DOM,World Bank name,Americas,-70.513,19.013,11520487.0,"World Bank SP.POP.TOTL, 2025"
Ecuador,ECU,World Bank name,Americas,-78.43,-1.201,18289896.0,"World Bank SP.POP.TOTL, 2025"
Egypt,EGY,manual,"Europe, Middle East & Oceania",29.261,26.446,118365995.0,"World Bank SP.POP.TOTL, 2025"
El Salvador,SLV,World Bank name,Americas,-88.857,13.736,6365503.0,"World Bank SP.POP.TOTL, 2025"
Equatorial Guinea,GNQ,World Bank name,Sub-Saharan Africa,10.476,1.592,1938431.0,"World Bank SP.POP.TOTL, 2025"
Eritrea,ERI,World Bank name,Sub-Saharan Africa,38.278,15.793,3607003.0,"World Bank SP.POP.TOTL, 2025"
Estonia,EST,World Bank name,"Europe, Middle East & Oceania",25.853,58.734,1366475.0,"World Bank SP.POP.TOTL, 2025"
Ethiopia,ETH,World Bank name,Sub-Saharan Africa,38.868,8.028,135472051.0,"World Bank SP.POP.TOTL, 2025"
Falkland Islands,FLK,manual,Americas,-58.744,-51.655,,
Faroe Islands,FRO,World Bank name,,-6.988,62.184,54900.0,"World Bank SP.POP.TOTL, 2025"
Fiji,FJI,World Bank name,"Europe, Middle East & Oceania",177.984,-17.819,933154.0,"World Bank SP.POP.TOTL, 2025"
Finland,FIN,World Bank name,"Europe, Middle East & Oceania",27.282,63.258,5646436.0,"World Bank SP.POP.TOTL, 2025"
France,FRA,World Bank name,"Europe, Middle East & Oceania",2.464,46.734,68720337.0,"World Bank SP.POP.TOTL, 2025"
French Guiana,GUF,manual,Americas,,,,
French Polynesia,PYF,World Bank name,"Europe, Middle East & Oceania",-149.476,-17.622,282465.0,"World Bank SP.POP.TOTL, 2025"
Gabon,GAB,World Bank name,Sub-Saharan Africa,11.491,-0.619,2593130.0,"World Bank SP.POP.TOTL, 2025"
Gambia,GMB,manual,Sub-Saharan Africa,-16.213,13.371,2822093.0,"World Bank SP.POP.TOTL, 2025"
Gaza Strip and West Bank,PSE,manual,"Europe, Middle East & Oceania",35.261,31.99,5413596.0,"World Bank SP.POP.TOTL, 2025"
Georgia,GEO,World Bank name,South & Central Asia,43.481,41.982,3935766.0,"World Bank SP.POP.TOTL, 2025"
Germany,DEU,World Bank name,"Europe, Middle East & Oceania",9.837,51.103,83491249.0,"World Bank SP.POP.TOTL, 2025"
Ghana,GHA,World Bank name,Sub-Saharan Africa,-1.002,7.573,35064272.0,"World Bank SP.POP.TOTL, 2025"
Gibraltar,GIB,World Bank name,"Europe, Middle East & Oceania",,,40126.0,"World Bank SP.POP.TOTL, 2025"
Greece,GRC,World Bank name,"Europe, Middle East & Oceania",21.752,39.371,10413962.0,"World Bank SP.POP.TOTL, 2025"
Grenada,GRD,World Bank name,Americas,-61.668,12.122,117303.0,"World Bank SP.POP.TOTL, 2025"
Guadeloupe,GLP,manual,Americas,,,,
Guatemala,GTM,World Bank name,Americas,-90.562,14.992,18687881.0,"World Bank SP.POP.TOTL, 2025"
Guinea,GIN,World Bank name,Sub-Saharan Africa,-9.971,10.635,15099727.0,"World Bank SP.POP.TOTL, 2025"
Guinea-Bissau,GNB,World Bank name,Sub-Saharan Africa,-14.966,12.074,2249515.0,"World Bank SP.POP.TOTL, 2025"
Guyana,GUY,World Bank name,Americas,-58.813,5.69,835986.0,"World Bank SP.POP.TOTL, 2025"
Haiti,HTI,World Bank name,Americas,-72.179,19.199,11906095.0,"World Bank SP.POP.TOTL, 2025"
Honduras,HND,World Bank name,Americas,-86.817,14.772,11005850.0,"World Bank SP.POP.TOTL, 2025"
Hong Kong SAR,HKG,manual,North-East Asia,114.192,22.458,7498900.0,"World Bank SP.POP.TOTL, 2025"
Hungary,HUN,World Bank name,"Europe, Middle East & Oceania",19.466,47.114,9514251.0,"World Bank SP.POP.TOTL, 2025"
Iceland,ISL,World Bank name,"Europe, Middle East & Oceania",-18.873,64.794,392404.0,"World Bank SP.POP.TOTL, 2025"
India,IND,World Bank name,South & Central Asia,78.594,22.66,1463865525.0,"World Bank SP.POP.TOTL, 2025"
Indonesia,IDN,World Bank name,South-East Asia,110.4,-7.3,285721236.0,"World Bank SP.POP.TOTL, 2025"
Iran,IRN,manual,"Europe, Middle East & Oceania",54.91,32.133,92417681.0,"World Bank SP.POP.TOTL, 2025"
Iraq,IRQ,World Bank name,"Europe, Middle East & Oceania",43.256,33.099,47020774.0,"World Bank SP.POP.TOTL, 2025"
Ireland,IRL,World Bank name,"Europe, Middle East & Oceania",-8.118,53.138,5484367.0,"World Bank SP.POP.TOTL, 2025"
Israel,ISR,World Bank name,"Europe, Middle East & Oceania",34.847,31.103,10122800.0,"World Bank SP.POP.TOTL, 2025"
Italy,ITA,World Bank name,"Europe, Middle East & Oceania",11.667,43.532,58915656.0,"World Bank SP.POP.TOTL, 2025"
Jamaica,JAM,World Bank name,Americas,-77.404,18.155,2837077.0,"World Bank SP.POP.TOTL, 2025"
Japan,JPN,World Bank name,North-East Asia,138.434,36.126,123366734.0,"World Bank SP.POP.TOTL, 2025"
Jordan,JOR,World Bank name,"Europe, Middle East & Oceania",36.416,30.727,11520684.0,"World Bank SP.POP.TOTL, 2025"
Kazakhstan,KAZ,World Bank name,South & Central Asia,68.983,48.34,20843754.0,"World Bank SP.POP.TOTL, 2025"
Kenya,KEN,World Bank name,Sub-Saharan Africa,37.868,0.488,57532493.0,"World Bank SP.POP.TOTL, 2025"
Kiribati,KIR,World Bank name,"Europe, Middle East & Oceania",-157.345,1.8,136488.0,"World Bank SP.POP.TOTL, 2025"
"Korea, Democratic People's Republic of (North)",PRK,manual,North-East Asia,126.425,39.853,26571036.0,"World Bank SP.POP.TOTL, 2025"
"Korea, Republic of (South)",KOR,manual,North-East Asia,128.008,36.519,51684564.0,"World Bank SP.POP.TOTL, 2025"
Kosovo,XKX,manual,"Europe, Middle East & Oceania",20.889,42.549,1576876.0,"World Bank SP.POP.TOTL, 2025"
Kuwait,KWT,World Bank name,"Europe, Middle East & Oceania",47.465,29.487,4865298.0,"World Bank SP.POP.TOTL, 2025"
Kyrgyzstan,KGZ,manual,South & Central Asia,74.457,41.651,7343064.0,"World Bank SP.POP.TOTL, 2025"
Laos,LAO,manual,South-East Asia,102.512,19.657,7873046.0,"World Bank SP.POP.TOTL, 2025"
Latvia,LVA,World Bank name,"Europe, Middle East & Oceania",25.422,57.079,1847785.0,"World Bank SP.POP.TOTL, 2025"
Lebanon,LBN,World Bank name,"Europe, Middle East & Oceania",36.02,34.114,5849421.0,"World Bank SP.POP.TOTL, 2025"
Lesotho,LSO,World Bank name,Sub-Saharan Africa,28.155,-29.51,2363325.0,"World Bank SP.POP.TOTL, 2025"
Liberia,LBR,World Bank name,Sub-Saharan Africa,-9.45,6.48,5731206.0,"World Bank SP.POP.TOTL, 2025"
Libya,LBY,World Bank name,"Europe, Middle East & Oceania",18.011,26.643,7458555.0,"World Bank SP.POP.TOTL, 2025"
Liechtenstein,LIE,World Bank name,"Europe, Middle East & Oceania",9.532,47.11,41024.0,"World Bank SP.POP.TOTL, 2025"
Lithuania,LTU,World Bank name,"Europe, Middle East & Oceania",24.092,55.111,2888774.0,"World Bank SP.POP.TOTL, 2025"
Luxembourg,LUX,World Bank name,"Europe, Middle East & Oceania",6.092,49.778,686970.0,"World Bank SP.POP.TOTL, 2025"
Macau,MAC,manual,North-East Asia,113.5,22.231,685900.0,"World Bank SP.POP.TOTL, 2025"
Madagascar,MDG,World Bank name,Sub-Saharan Africa,46.7,-18.284,32740678.0,"World Bank SP.POP.TOTL, 2025"
Malawi,MWI,World Bank name,Sub-Saharan Africa,33.983,-11.422,22216120.0,"World Bank SP.POP.TOTL, 2025"
Malaysia,MYS,World Bank name,South-East Asia,101.7,3.6,35977838.0,"World Bank SP.POP.TOTL, 2025"
Maldives,MDV,World Bank name,South & Central Asia,73.503,4.198,529676.0,"World Bank SP.POP.TOTL, 2025"
Mali,MLI,World Bank name,Sub-Saharan Africa,-2.033,18.711,25198821.0,"World Bank SP.POP.TOTL, 2025"
Malta,MLT,World Bank name,"Europe, Middle East & Oceania",14.453,35.88,579704.0,"World Bank SP.POP.TOTL, 2025"
Marshall Islands,MHL,World Bank name,"Europe, Middle East & Oceania",171.154,7.103,36282.0,"World Bank SP.POP.TOTL, 2025"
Mauritania,MRT,World Bank name,Sub-Saharan Africa,-9.859,19.294,5315065.0,"World Bank SP.POP.TOTL, 2025"
Mauritius,MUS,World Bank name,Sub-Saharan Africa,57.601,-20.23,1243741.0,"World Bank SP.POP.TOTL, 2025"
Mexico,MEX,World Bank name,Americas,-102.296,23.927,131946900.0,"World Bank SP.POP.TOTL, 2025"
"Micronesia, Federated States of",FSM,manual,"Europe, Middle East & Oceania",158.232,6.877,113683.0,"World Bank SP.POP.TOTL, 2025"
Moldova,MDA,World Bank name,"Europe, Middle East & Oceania",28.483,47.424,2360527.0,"World Bank SP.POP.TOTL, 2025"
Monaco,MCO,World Bank name,"Europe, Middle East & Oceania",7.413,43.753,38341.0,"World Bank SP.POP.TOTL, 2025"
Mongolia,MNG,World Bank name,North-East Asia,104.165,46.032,3568978.0,"World Bank SP.POP.TOTL, 2025"
Montenegro,MNE,World Bank name,"Europe, Middle East & Oceania",19.111,42.861,623129.0,"World Bank SP.POP.TOTL, 2025"
Morocco,MAR,World Bank name,"Europe, Middle East & Oceania",-7.259,31.67,38430770.0,"World Bank SP.POP.TOTL, 2025"
Mozambique,MOZ,World Bank name,Sub-Saharan Africa,37.818,-13.929,35631653.0,"World Bank SP.POP.TOTL, 2025"
Myanmar,MMR,World Bank name,South-East Asia,95.819,21.625,54850648.0,"World Bank SP.POP.TOTL, 2025"
Namibia,NAM,World Bank name,Sub-Saharan Africa,17.11,-20.588,3092816.0,"World Bank SP.POP.TOTL, 2025"
Nauru,NRU,manual,"Europe, Middle East & Oceania",166.929,-0.52,12025.0,"World Bank SP.POP.TOTL, 2025"
Nepal,NPL,World Bank name,South & Central Asia,83.594,28.301,29618118.0,"World Bank SP.POP.TOTL, 2025"
Netherlands,NLD,World Bank name,"Europe, Middle East & Oceania",5.494,52.352,18087633.0,"World Bank SP.POP.TOTL, 2025"
Netherlands Antilles,,excluded,Americas,,,,
New Caledonia,NCL,World Bank name,"Europe, Middle East & Oceania",165.228,-21.16,295333.0,"World Bank SP.POP.TOTL, 2025"
Nicaragua,NIC,World Bank name,Americas,-85.055,12.594,7007502.0,"World Bank SP.POP.TOTL, 2025"
Niger,NER,World Bank name,Sub-Saharan Africa,9.506,17.445,27917831.0,"World Bank SP.POP.TOTL, 2025"
Nigeria,NGA,World Bank name,Sub-Saharan Africa,7.963,9.611,237527782.0,"World Bank SP.POP.TOTL, 2025"
North Macedonia,MKD,World Bank name,"Europe, Middle East & Oceania",21.427,41.546,1820909.0,"World Bank SP.POP.TOTL, 2025"
Northern Mariana Islands,MNP,World Bank name,,145.731,15.163,43541.0,"World Bank SP.POP.TOTL, 2025"
Norway,NOR,World Bank name,"Europe, Middle East & Oceania",9.658,61.288,5610870.0,"World Bank SP.POP.TOTL, 2025"
Oman,OMN,World Bank name,"Europe, Middle East & Oceania",57.386,22.126,5494691.0,"World Bank SP.POP.TOTL, 2025"
Other,,excluded,"Europe, Middle East & Oceania",,,,
Pakistan,PAK,World Bank name,South & Central Asia,68.531,29.299,255219554.0,"World Bank SP.POP.TOTL, 2025"
Palau,PLW,World Bank name,"Europe, Middle East & Oceania",134.578,7.511,17663.0,"World Bank SP.POP.TOTL, 2025"
Panama,PAN,World Bank name,Americas,-81.019,8.259,4571189.0,"World Bank SP.POP.TOTL, 2025"
Papua New Guinea,PNG,World Bank name,"Europe, Middle East & Oceania",143.348,-5.829,10762817.0,"World Bank SP.POP.TOTL, 2025"
Paraguay,PRY,World Bank name,Americas,-60.148,-21.678,7013078.0,"World Bank SP.POP.TOTL, 2025"
Peru,PER,World Bank name,Americas,-72.904,-12.989,34576665.0,"World Bank SP.POP.TOTL, 2025"
Philippines,PHL,World Bank name,South-East Asia,121.425,16.949,116786962.0,"World Bank SP.POP.TOTL, 2025"
Pitcairn Islands,PCN,manual,"Europe, Middle East & Oceania",-128.316,-24.366,,
Poland,POL,World Bank name,"Europe, Middle East & Oceania",19.459,52.016,36435861.0,"World Bank SP.POP.TOTL, 2025"
Portugal,PRT,World Bank name,"Europe, Middle East & Oceania",-8.274,39.148,10804871.0,"World Bank SP.POP.TOTL, 2025"
Puerto Rico,PRI,manual,Americas,-66.5,18.224,3184835.0,"World Bank SP.POP.TOTL, 2025"
Qatar,QAT,World Bank name,"Europe, Middle East & Oceania",51.164,25.296,2972215.0,"World Bank SP.POP.TOTL, 2025"
Reunion,REU,manual,Sub-Saharan Africa,,,,
Romania,ROU,World Bank name,"Europe, Middle East & Oceania",24.972,45.726,19020271.0,"World Bank SP.POP.TOTL, 2025"
Russian Federation,RUS,manual,"Europe, Middle East & Oceania",92.696,63.134,143513328.0,"World Bank SP.POP.TOTL, 2025"
Rwanda,RWA,World Bank name,Sub-Saharan Africa,29.999,-1.859,14569341.0,"World Bank SP.POP.TOTL, 2025"
Samoa,WSM,World Bank name,"Europe, Middle East & Oceania",-172.454,-13.647,219306.0,"World Bank SP.POP.TOTL, 2025"
"Samoa, American",ASM,manual,"Europe, Middle East & Oceania",-170.744,-14.312,46029.0,"World Bank SP.POP.TOTL, 2025"
San Marino,SMR,World Bank name,"Europe, Middle East & Oceania",12.459,43.943,34109.0,"World Bank SP.POP.TOTL, 2025"
Sao Tome and Principe,STP,World Bank name,,6.651,0.283,240254.0,"World Bank SP.POP.TOTL, 2025"
Saudi Arabia,SAU,World Bank name,"Europe, Middle East & Oceania",45.251,23.27,36973555.0,"World Bank SP.POP.TOTL, 2025"
Senegal,SEN,World Bank name,Sub-Saharan Africa,-14.243,14.435,18931966.0,"World Bank SP.POP.TOTL, 2025"
Serbia,SRB,World Bank name,"Europe, Middle East & Oceania",20.611,44.116,6549143.0,"World Bank SP.POP.TOTL, 2025"
Seychelles,SYC,World Bank name,Sub-Saharan Africa,55.452,-4.611,122730.0,"World Bank SP.POP.TOTL, 2025"
Sierra Leone,SLE,World Bank name,Sub-Saharan Africa,-11.748,8.628,8819794.0,"World Bank SP.POP.TOTL, 2025"
Singapore,SGP,World Bank name,South-East Asia,103.815,1.349,6111175.0,"World Bank SP.POP.TOTL, 2025"
Slovakia,SVK,manual,"Europe, Middle East & Oceania",19.058,48.803,5413813.0,"World Bank SP.POP.TOTL, 2025"
Slovenia,SVN,World Bank name,"Europe, Middle East & Oceania",15.057,46.044,2130986.0,"World Bank SP.POP.TOTL, 2025"
Solomon Islands,SLB,World Bank name,"Europe, Middle East & Oceania",160.156,-9.636,838645.0,"World Bank SP.POP.TOTL, 2025"
Somalia,SOM,manual,Sub-Saharan Africa,43.627,2.812,19654739.0,"World Bank SP.POP.TOTL, 2025"
South Africa,ZAF,World Bank name,Sub-Saharan Africa,23.226,-30.057,64747319.0,"World Bank SP.POP.TOTL, 2025"
South Sudan,SSD,World Bank name,"Europe, Middle East & Oceania",30.338,7.227,12188788.0,"World Bank SP.POP.TOTL, 2025"
Spain,ESP,World Bank name,"Europe, Middle East & Oceania",-3.478,40.114,49355143.0,"World Bank SP.POP.TOTL, 2025"
Sri Lanka,LKA,World Bank name,South & Central Asia,80.701,7.562,21756000.0,"World Bank SP.POP.TOTL, 2025"
St Helena,SHN,manual,Sub-Saharan Africa,-5.726,-15.952,,
St Kitts and Nevis,KNA,manual,Americas,-62.744,17.333,46922.0,"World Bank SP.POP.TOTL, 2025"
St Lucia,LCA,manual,Americas,-60.947,13.915,180149.0,"World Bank SP.POP.TOTL, 2025"
St Vincent and the Grenadines,VCT,manual,Americas,-61.192,13.25,99924.0,"World Bank SP.POP.TOTL, 2025"
Sudan,SDN,World Bank name,"Europe, Middle East & Oceania",29.268,16.327,51662147.0,"World Bank SP.POP.TOTL, 2025"
Suriname,SUR,World Bank name,Americas,-55.952,4.188,639850.0,"World Bank SP.POP.TOTL, 2025"
Swaziland,SWZ,manual,Sub-Saharan Africa,31.429,-26.59,1256174.0,"World Bank SP.POP.TOTL, 2025"
Sweden,SWE,World Bank name,"Europe, Middle East & Oceania",16.309,64.225,10596620.0,"World Bank SP.POP.TOTL, 2025"
Switzerland,CHE,World Bank name,"Europe, Middle East & Oceania",7.848,46.818,9092436.0,"World Bank SP.POP.TOTL, 2025"
Syria,SYR,manual,"Europe, Middle East & Oceania",38.222,34.983,25620427.0,"World Bank SP.POP.TOTL, 2025"
Taiwan,TWN,manual,North-East Asia,120.954,23.829,23400000.0,"Taiwan Ministry of the Interior, Dept. of Household Registration, end-2024"
Tajikistan,TJK,World Bank name,South & Central Asia,72.553,38.225,10786734.0,"World Bank SP.POP.TOTL, 2025"
Tanzania,TZA,World Bank name,Sub-Saharan Africa,34.692,-5.984,70545865.0,"World Bank SP.POP.TOTL, 2025"
Thailand,THA,World Bank name,South-East Asia,101.015,15.478,71619863.0,"World Bank SP.POP.TOTL, 2025"
Timor-Leste,TLS,World Bank name,South-East Asia,125.767,-8.83,1418517.0,"World Bank SP.POP.TOTL, 2025"
Togo,TGO,World Bank name,Sub-Saharan Africa,1.033,8.78,8591626.0,"World Bank SP.POP.TOTL, 2025"
Tonga,TON,World Bank name,"Europe, Middle East & Oceania",-175.224,-21.176,103742.0,"World Bank SP.POP.TOTL, 2025"
Trinidad and Tobago,TTO,World Bank name,Americas,-61.27,10.351,1367764.0,"World Bank SP.POP.TOTL, 2025"
Tunisia,TUN,World Bank name,"Europe, Middle East & Oceania",9.013,33.866,12348573.0,"World Bank SP.POP.TOTL, 2025"
Turkiye,TUR,World Bank name,"Europe, Middle East & Oceania",35.281,39.192,85878556.0,"World Bank SP.POP.TOTL, 2025"
Turkmenistan,TKM,World Bank name,South & Central Asia,60.679,38.927,7618847.0,"World Bank SP.POP.TOTL, 2025"
Tuvalu,TUV,World Bank name,"Europe, Middle East & Oceania",179.206,-8.503,9492.0,"World Bank SP.POP.TOTL, 2025"
Uganda,UGA,World Bank name,Sub-Saharan Africa,32.417,0.896,51384894.0,"World Bank SP.POP.TOTL, 2025"
Ukraine,UKR,World Bank name,"Europe, Middle East & Oceania",31.977,49.426,38980376.0,"World Bank SP.POP.TOTL, 2025"
United Arab Emirates,ARE,World Bank name,"Europe, Middle East & Oceania",54.339,23.485,11513149.0,"World Bank SP.POP.TOTL, 2025"
United Kingdom,GBR,World Bank name,"Europe, Middle East & Oceania",-1.484,52.799,69487000.0,"World Bank SP.POP.TOTL, 2025"
United Kingdom (Other),,excluded,"Europe, Middle East & Oceania",,,,
United States (Territories),,excluded,Americas,,,,
United States of America,USA,manual,Americas,-97.198,38.507,341784857.0,"World Bank SP.POP.TOTL, 2025"
Uruguay,URY,World Bank name,Americas,-56.014,-32.871,3384688.0,"World Bank SP.POP.TOTL, 2025"
Uzbekistan,UZB,World Bank name,South & Central Asia,63.977,41.322,37053428.0,"World Bank SP.POP.TOTL, 2025"
Vanuatu,VUT,World Bank name,"Europe, Middle East & Oceania",166.875,-15.369,335169.0,"World Bank SP.POP.TOTL, 2025"
Venezuela,VEN,manual,Americas,-64.501,7.126,28516896.0,"World Bank SP.POP.TOTL, 2025"
Vietnam,VNM,manual,South-East Asia,105.448,21.684,101598527.0,"World Bank SP.POP.TOTL, 2025"
"Virgin Islands, British",VGB,manual,Americas,-64.39,18.494,39732.0,"World Bank SP.POP.TOTL, 2025"
Yemen,YEM,manual,"Europe, Middle East & Oceania",45.897,15.319,41773878.0,"World Bank SP.POP.TOTL, 2025"
Yugoslavia,,excluded,Sub-Saharan Africa,,,,
Zaire,COD,manual,Sub-Saharan Africa,23.5,-2.3,112832473.0,"World Bank SP.POP.TOTL, 2025"
Zambia,ZMB,World Bank name,Sub-Saharan Africa,25.914,-14.899,21913874.0,"World Bank SP.POP.TOTL, 2025"
Zimbabwe,ZWE,World Bank name,Sub-Saharan Africa,29.925,-18.925,16950795.0,"World Bank SP.POP.TOTL, 2025"
