rank,commodity,type,fy2022_23,fy2023_24,fy2024_25,share_pct_2024_25,growth_pct_2024_25,is_education
1,Iron ore & concentrates,Goods,124131,137855,116440,18.0,-15.5,false
2,Coal,Goods,127422,91390,71296,11.0,-22.0,false
3,Natural gas,Goods,92237,68588,64685,10.0,-5.7,false
4,Education-related travel services,Services,36342,51032,53571,8.3,5.0,true
5,Gold,Goods,24416,32939,46906,7.3,42.4,false
6,Personal travel (excl. education),Services,14350,21670,23002,3.6,6.1,false
7,Professional/technical/business services,Services,14690,15832,17800,2.8,12.4,false
8,"Beef, fresh, chilled or frozen",Goods,10669,12378,16095,2.5,30.0,false
9,Aluminium ores & concentrates (incl. alumina),Goods,9414,10403,15231,2.4,46.4,false
10,Intellectual property charges n.i.e.,Services,7076,8739,10553,1.6,20.8,false
11,Crude petroleum,Goods,12496,11648,9884,1.5,-15.1,false
12,Wheat,Goods,16738,9871,8660,1.3,-12.3,false
13,Transport services,Services,6759,7838,8219,1.3,4.9,false
14,"Meat (excl. beef), fresh, chilled or frozen",Goods,6072,6654,7692,1.2,15.6,false
15,Copper ores & concentrates,Goods,7245,6317,7078,1.1,12.0,false
16,Aluminium,Goods,5404,5207,6107,0.9,17.3,false
17,Copper,Goods,5228,5364,5689,0.9,6.1,false
18,Financial services,Services,5373,5110,5628,0.9,10.1,false
19,Other ores & concentrates,Goods,3731,3579,5305,0.8,48.2,false
20,Business-related travel,Services,2804,4069,5294,0.8,30.1,false
21,"Oil-seeds & oleaginous fruits, soft",Goods,6176,5135,5261,0.8,2.5,false
22,Refined petroleum,Goods,4066,4743,4949,0.8,4.3,false
23,"Crude minerals, n.e.s.",Goods,20161,9772,4339,0.7,-55.6,false
24,"Vegetables, fresh, chilled or frozen",Goods,2792,2939,4155,0.6,41.3,false
25,Telecom/computer/information services,Services,3219,4132,3921,0.6,-5.1,false
