field,field_order,sector,sector_order,enrolments,field_total,field_share,sector_share,x0,x1,y0,y1
Business & Commerce,0,Higher Education,0,162326,305245,0.2885,0.53179,0.0,0.2885,0.0,0.53179
Business & Commerce,0,VET,1,141964,305245,0.2885,0.46508,0.0,0.2885,0.53179,0.99687
Business & Commerce,0,Non-award,4,955,305245,0.2885,0.00313,0.0,0.2885,0.99687,1.0
IT,1,Higher Education,0,109781,122979,0.11623,0.89268,0.2885,0.40473,0.0,0.89268
IT,1,VET,1,12836,122979,0.11623,0.10438,0.2885,0.40473,0.89268,0.99706
IT,1,Non-award,4,362,122979,0.11623,0.00294,0.2885,0.40473,0.99706,1.0
English language,2,ELICOS,2,93219,93219,0.08811,1.0,0.40473,0.49284,0.0,1.0
Society & Culture,3,Higher Education,0,59975,91345,0.08633,0.65658,0.49284,0.57917,0.0,0.65658
Society & Culture,3,VET,1,30046,91345,0.08633,0.32893,0.49284,0.57917,0.65658,0.98551
Society & Culture,3,Non-award,4,1324,91345,0.08633,0.01449,0.49284,0.57917,0.98551,1.0
Engineering,4,Higher Education,0,45269,87919,0.0831,0.51489,0.57917,0.66227,0.0,0.51489
Engineering,4,VET,1,42568,87919,0.0831,0.48417,0.57917,0.66227,0.51489,0.99907
Engineering,4,Non-award,4,82,87919,0.0831,0.00093,0.57917,0.66227,0.99907,1.0
Education,5,Higher Education,0,29887,68983,0.0652,0.43325,0.66227,0.72747,0.0,0.43325
Education,5,VET,1,37334,68983,0.0652,0.54121,0.66227,0.72747,0.43325,0.97446
Education,5,Non-award,4,1762,68983,0.0652,0.02554,0.66227,0.72747,0.97446,1.0
Health,6,Higher Education,0,51037,59876,0.05659,0.85238,0.72747,0.78406,0.0,0.85238
Health,6,VET,1,8757,59876,0.05659,0.14625,0.72747,0.78406,0.85238,0.99863
Health,6,Non-award,4,82,59876,0.05659,0.00137,0.72747,0.78406,0.99863,1.0
Hospitality & Services,7,Higher Education,0,400,53199,0.05028,0.00752,0.78406,0.83434,0.0,0.00752
Hospitality & Services,7,VET,1,52799,53199,0.05028,0.99248,0.78406,0.83434,0.00752,1.0
Architecture & Building,8,Higher Education,0,11871,45378,0.04289,0.2616,0.83434,0.87723,0.0,0.2616
Architecture & Building,8,VET,1,33494,45378,0.04289,0.73811,0.83434,0.87723,0.2616,0.99971
Architecture & Building,8,Non-award,4,13,45378,0.04289,0.00029,0.83434,0.87723,0.99971,1.0
"Sciences, Arts & Agriculture",9,Higher Education,0,59249,62979,0.05952,0.94077,0.87723,0.93675,0.0,0.94077
"Sciences, Arts & Agriculture",9,VET,1,3589,62979,0.05952,0.05699,0.87723,0.93675,0.94077,0.99776
"Sciences, Arts & Agriculture",9,Non-award,4,141,62979,0.05952,0.00224,0.87723,0.93675,0.99776,1.0
School & other,10,Higher Education,0,15464,66918,0.06325,0.23109,0.93675,1.0,0.0,0.23109
School & other,10,VET,1,155,66918,0.06325,0.00232,0.93675,1.0,0.23109,0.23341
School & other,10,Schools,3,20344,66918,0.06325,0.30401,0.93675,1.0,0.23341,0.53742
School & other,10,Non-award,4,30955,66918,0.06325,0.46258,0.93675,1.0,0.53742,1.0
