field,domestic,overseas,domestic_share,overseas_share,gap_pp
Business & Commerce,168424,200439,0.14531,0.3367,19.14
IT,57377,106969,0.0495,0.17969,13.02
Engineering,73760,49333,0.06364,0.08287,1.92
Agriculture & Environment,14355,5032,0.01239,0.00845,-0.39
Architecture & Building,29489,11547,0.02544,0.0194,-0.6
Creative Arts,67610,28457,0.05833,0.0478,-1.05
Sciences,97682,37138,0.08428,0.06239,-2.19
Education,121161,32044,0.10453,0.05383,-5.07
Health,242730,52788,0.20942,0.08867,-12.08
Society & Culture,268535,60953,0.23168,0.10239,-12.93
