institution,short_name,state,group,domestic,overseas,total,overseas_share
Murdoch University,Murdoch,WA,Other public,10624,14157,24781,0.5713
The University of Sydney,Sydney,NSW,Group of Eight,38771,40111,78882,0.5085
RMIT University,RMIT,VIC,Other public,37911,37998,75909,0.5006
University of New South Wales,UNSW,NSW,Group of Eight,43839,38444,82283,0.4672
University of Wollongong,Wollongong,NSW,Other public,19018,15924,34942,0.4557
Victoria University,Victoria,VIC,Other public,18911,15724,34635,0.454
Monash University,Monash,VIC,Group of Eight,50957,42270,93227,0.4534
Torrens University Australia,Torrens,SA,Private,14112,11333,25445,0.4454
The University of Melbourne,Melbourne,VIC,Group of Eight,42585,32987,75572,0.4365
The Australian National University,ANU,ACT,Group of Eight,13537,9402,22939,0.4099
James Cook University,James Cook,QLD,Other public,12151,7748,19899,0.3894
The University of Queensland,Queensland,QLD,Group of Eight,34969,22270,57239,0.3891
Bond University,Bond,QLD,Private,3643,2302,5945,0.3872
Swinburne University of Technology,Swinburne,VIC,Other public,29104,16292,45396,0.3589
The University of Western Australia,Western Australia,WA,Group of Eight,19674,9895,29569,0.3346
The University of Adelaide,Adelaide,SA,Group of Eight,20411,10171,30582,0.3326
Federation University Australia,Federation,VIC,Other public,8454,3996,12450,0.321
Edith Cowan University,Edith Cowan,WA,Other public,21392,9467,30859,0.3068
Southern Cross University,Southern Cross,NSW,Other public,12885,5536,18421,0.3005
Curtin University,Curtin,WA,Other public,39816,17012,56828,0.2994
Charles Darwin University,Charles Darwin,NT,Other public,9118,3656,12774,0.2862
Deakin University,Deakin,VIC,Other public,43318,16137,59455,0.2714
University of Technology Sydney,UTS,NSW,Other public,37302,13085,50387,0.2597
University of Canberra,Canberra,ACT,Other public,12463,4290,16753,0.2561
Flinders University,Flinders,SA,Other public,18679,6283,24962,0.2517
CQUniversity,CQU,QLD,Other public,16512,5523,22035,0.2506
Macquarie University,Macquarie,NSW,Other public,33834,11127,44961,0.2475
La Trobe University,La Trobe,VIC,Other public,28304,9155,37459,0.2444
Western Sydney University,Western Sydney,NSW,Other public,36197,11698,47895,0.2442
Griffith University,Griffith,QLD,Other public,35928,8755,44683,0.1959
University of South Australia,UniSA,SA,Other public,27713,6261,33974,0.1843
Queensland University of Technology,QUT,QLD,Other public,42895,9669,52564,0.1839
The University of Newcastle,Newcastle,NSW,Other public,29076,5798,34874,0.1663
Australian Catholic University,ACU,NSW,Other public,29038,5755,34793,0.1654
University of Tasmania,Tasmania,TAS,Other public,26946,5154,32100,0.1606
University of the Sunshine Coast,UniSC,QLD,Other public,16645,2226,18871,0.118
Charles Sturt University,Charles Sturt,NSW,Other public,31468,3602,35070,0.1027
University of Southern Queensland,UniSQ,QLD,Other public,18523,2049,20572,0.0996
University of Divinity,Divinity,VIC,Private,1121,124,1245,0.0996
The University of Notre Dame Australia,Notre Dame,WA,Private,10963,1043,12006,0.0869
Avondale University,Avondale,NSW,Private,1019,87,1106,0.0787
The University of New England,New England,NSW,Other public,18224,1163,19387,0.06
Batchelor Institute of Indigenous Tertiary Education,Batchelor Institute,NT,Other public,22,0,22,0.0
