year,month,month_num,ytd,monthly
2005,Jan,1,16862,16862
2005,Feb,2,69451,52589
2005,Mar,3,85410,15959
2005,Apr,4,93186,7776
2005,May,5,99220,6034
2005,Jun,6,105672,6452
2005,Jul,7,144139,38467
2005,Aug,8,155209,11070
2005,Sep,9,163789,8580
2005,Oct,10,175688,11899
2005,Nov,11,183901,8213
2005,Dec,12,185998,2097
2006,Jan,1,18079,18079
2006,Feb,2,74288,56209
2006,Mar,3,92023,17735
2006,Apr,4,100409,8386
2006,May,5,107944,7535
2006,Jun,6,114927,6983
2006,Jul,7,159285,44358
2006,Aug,8,170333,11048
2006,Sep,9,180561,10228
2006,Oct,10,195703,15142
2006,Nov,11,206458,10755
2006,Dec,12,209576,3118
2007,Jan,1,23173,23173
2007,Feb,2,85731,62558
2007,Mar,3,105801,20070
2007,Apr,4,121475,15674
2007,May,5,130531,9056
2007,Jun,6,139860,9329
2007,Jul,7,198388,58528
2007,Aug,8,212072,13684
2007,Sep,9,224296,12224
2007,Oct,10,244801,20505
2007,Nov,11,258005,13204
2007,Dec,12,262910,4905
2008,Jan,1,27548,27548
2008,Feb,2,91435,63887
2008,Mar,3,126460,35025
2008,Apr,4,147428,20968
2008,May,5,158407,10979
2008,Jun,6,174910,16503
2008,Jul,7,239880,64970
2008,Aug,8,256617,16737
2008,Sep,9,277085,20468
2008,Oct,10,301924,24839
2008,Nov,11,320793,18869
2008,Dec,12,326950,6157
2009,Jan,1,31925,31925
2009,Feb,2,101483,69558
2009,Mar,3,143227,41744
2009,Apr,4,167656,24429
2009,May,5,181533,13877
2009,Jun,6,200531,18998
2009,Jul,7,277392,76861
2009,Aug,8,298618,21226
2009,Sep,9,317664,19046
2009,Oct,10,343620,25956
2009,Nov,11,362522,18902
2009,Dec,12,366089,3567
2010,Jan,1,27511,27511
2010,Feb,2,93981,66470
2010,Mar,3,137791,43810
2010,Apr,4,157064,19273
2010,May,5,169992,12928
2010,Jun,6,183527,13535
2010,Jul,7,249371,65844
2010,Aug,8,267710,18339
2010,Sep,9,284043,16333
2010,Oct,10,307393,23350
2010,Nov,11,324576,17183
2010,Dec,12,327634,3058
2011,Jan,1,28150,28150
2011,Feb,2,108521,80371
2011,Mar,3,126296,17775
2011,Apr,4,141939,15643
2011,May,5,155284,13345
2011,Jun,6,167137,11853
2011,Jul,7,222496,55359
2011,Aug,8,241119,18623
2011,Sep,9,255937,14818
2011,Oct,10,279230,23293
2011,Nov,11,292730,13500
2011,Dec,12,296165,3435
2012,Jan,1,25202,25202
2012,Feb,2,94940,69738
2012,Mar,3,113604,18664
2012,Apr,4,131175,17571
2012,May,5,140887,9712
2012,Jun,6,151586,10699
2012,Jul,7,207406,55820
2012,Aug,8,222376,14970
2012,Sep,9,236034,13658
2012,Oct,10,258380,22346
2012,Nov,11,272451,14071
2012,Dec,12,277074,4623
2013,Jan,1,25742,25742
2013,Feb,2,82020,56278
2013,Mar,3,114639,32619
2013,Apr,4,132392,17753
2013,May,5,143823,11431
2013,Jun,6,154905,11082
2013,Jul,7,217833,62928
2013,Aug,8,236240,18407
2013,Sep,9,254895,18655
2013,Oct,10,278020,23125
2013,Nov,11,295568,17548
2013,Dec,12,300726,5158
2014,Jan,1,27415,27415
2014,Feb,2,86366,58951
2014,Mar,3,135215,48849
2014,Apr,4,154725,19510
2014,May,5,168884,14159
2014,Jun,6,185454,16570
2014,Jul,7,255478,70024
2014,Aug,8,275581,20103
2014,Sep,9,295609,20028
2014,Oct,10,324624,29015
2014,Nov,11,344968,20344
2014,Dec,12,351350,6382
2015,Jan,1,30795,30795
2015,Feb,2,90418,59623
2015,Mar,3,144423,54005
2015,Apr,4,165942,21519
2015,May,5,180525,14583
2015,Jun,6,196364,15839
2015,Jul,7,271941,75577
2015,Aug,8,295514,23573
2015,Sep,9,315964,20450
2015,Oct,10,345061,29097
2015,Nov,11,370857,25796
2015,Dec,12,375470,4613
2016,Jan,1,31730,31730
2016,Feb,2,129669,97939
2016,Mar,3,157306,27637
2016,Apr,4,181409,24103
2016,May,5,199110,17701
2016,Jun,6,214799,15689
2016,Jul,7,296923,82124
2016,Aug,8,323692,26769
2016,Sep,9,345128,21436
2016,Oct,10,379259,34131
2016,Nov,11,404228,24969
2016,Dec,12,410139,5911
2017,Jan,1,43936,43936
2017,Feb,2,137560,93624
2017,Mar,3,173450,35890
2017,Apr,4,198928,25478
2017,May,5,220303,21375
2017,Jun,6,237205,16902
2017,Jul,7,335581,98376
2017,Aug,8,359625,24044
2017,Sep,9,381405,21780
2017,Oct,10,418008,36603
2017,Nov,11,444169,26161
2017,Dec,12,451835,7666
2018,Jan,1,42945,42945
2018,Feb,2,143645,100700
2018,Mar,3,181674,38029
2018,Apr,4,211967,30293
2018,May,5,230712,18745
2018,Jun,6,248962,18250
2018,Jul,7,353649,104687
2018,Aug,8,378946,25297
2018,Sep,9,402172,23226
2018,Oct,10,441372,39200
2018,Nov,11,470881,29509
2018,Dec,12,478428,7547
2019,Jan,1,44136,44136
2019,Feb,2,137012,92876
2019,Mar,3,194687,57675
2019,Apr,4,229286,34599
2019,May,5,249273,19987
2019,Jun,6,266838,17565
2019,Jul,7,363634,96796
2019,Aug,8,399139,35505
2019,Sep,9,433270,34131
2019,Oct,10,470795,37525
2019,Nov,11,501658,30863
2019,Dec,12,510494,8836
2020,Jan,1,45492,45492
2020,Feb,2,126604,81112
2020,Mar,3,179341,52737
2020,Apr,4,205296,25955
2020,May,5,222304,17008
2020,Jun,6,240485,18181
2020,Jul,7,291411,50926
2020,Aug,8,325577,34166
2020,Sep,9,345930,20353
2020,Oct,10,371465,25535
2020,Nov,11,391983,20518
2020,Dec,12,396110,4127
2021,Jan,1,28556,28556
2021,Feb,2,76255,47699
2021,Mar,3,121063,44808
2021,Apr,4,141484,20421
2021,May,5,158274,16790
2021,Jun,6,167741,9467
2021,Jul,7,211292,43551
2021,Aug,8,231796,20504
2021,Sep,9,248473,16677
2021,Oct,10,265411,16938
2021,Nov,11,279741,14330
2021,Dec,12,282814,3073
2022,Jan,1,29108,29108
2022,Feb,2,100495,71387
2022,Mar,3,122850,22355
2022,Apr,4,147648,24798
2022,May,5,168160,20512
2022,Jun,6,180794,12634
2022,Jul,7,251662,70868
2022,Aug,8,285097,33435
2022,Sep,9,314690,29593
2022,Oct,10,352504,37814
2022,Nov,11,380215,27711
2022,Dec,12,388426,8211
2023,Jan,1,49077,49077
2023,Feb,2,157743,108666
2023,Mar,3,195235,37492
2023,Apr,4,230231,34996
2023,May,5,263482,33251
2023,Jun,6,285584,22102
2023,Jul,7,409775,124191
2023,Aug,8,438929,29154
2023,Sep,9,476174,37245
2023,Oct,10,518972,42798
2023,Nov,11,546638,27666
2023,Dec,12,555093,8455
2024,Jan,1,57194,57194
2024,Feb,2,172228,115034
2024,Mar,3,214226,41998
2024,Apr,4,253288,39062
2024,May,5,283584,30296
2024,Jun,6,302262,18678
2024,Jul,7,412855,110593
2024,Aug,8,439669,26814
2024,Sep,9,488765,49096
2024,Oct,10,523822,35057
2024,Nov,11,551302,27480
2024,Dec,12,565409,14107
2025,Jan,1,39487,39487
2025,Feb,2,128303,88816
2025,Mar,3,188533,60230
2025,Apr,4,215168,26635
2025,May,5,236325,21157
2025,Jun,6,258324,21999
2025,Jul,7,343963,85639
2025,Aug,8,373834,29871
2025,Sep,9,415021,41187
2025,Oct,10,444977,29956
2025,Nov,11,469051,24074
2025,Dec,12,479104,10053
