nationality,state,enrolments
China,NSW,106094
India,VIC,78367
China,VIC,67069
Nepal,NSW,55279
India,NSW,44632
China,QLD,24937
India,QLD,22199
Vietnam,VIC,18325
Sri Lanka,VIC,17319
Philippines,NSW,16420
Indonesia,NSW,16361
India,SA,15844
Bangladesh,NSW,15762
Vietnam,NSW,15624
India,WA,15044
Nepal,VIC,14071
Thailand,NSW,13600
Colombia,VIC,13438
Brazil,NSW,13028
Philippines,VIC,12717
Pakistan,NSW,12549
Colombia,NSW,12281
Bhutan,WA,11264
Brazil,QLD,10772
China,SA,10630
Thailand,VIC,9846
Indonesia,VIC,9576
Philippines,QLD,9538
Pakistan,VIC,9295
China,WA,9015
Malaysia,VIC,8653
Colombia,QLD,8648
China,ACT,8487
"Korea, Republic of (South)",NSW,8025
Bangladesh,VIC,7744
Mongolia,NSW,6513
Nepal,QLD,5716
Pakistan,WA,5450
Philippines,WA,5199
Nepal,WA,4777
Malaysia,NSW,4653
Japan,QLD,4647
Taiwan,NSW,4504
Taiwan,QLD,4450
"Korea, Republic of (South)",QLD,4446
Nepal,SA,4229
Taiwan,VIC,4134
Hong Kong SAR,NSW,4118
United States of America,NSW,3955
Thailand,QLD,3803
Bangladesh,WA,3731
Vietnam,SA,3699
Japan,NSW,3660
India,ACT,3649
Cambodia,VIC,3560
Hong Kong SAR,VIC,3540
Vietnam,QLD,3486
Japan,VIC,3463
Fiji,NSW,3355
Kenya,VIC,3158
"Korea, Republic of (South)",VIC,3012
Kenya,NSW,2972
Colombia,WA,2872
Vietnam,WA,2835
Turkiye,VIC,2789
Brazil,VIC,2607
Kenya,WA,2535
Spain,QLD,2513
Hong Kong SAR,QLD,2484
Singapore,VIC,2370
Turkiye,NSW,2365
Chile,NSW,2345
Sri Lanka,WA,2310
Indonesia,WA,2306
Brazil,WA,2295
Philippines,SA,2246
Nepal,ACT,2168
Colombia,SA,2114
Saudi Arabia,VIC,2092
United States of America,QLD,2016
Chile,QLD,2000
Bhutan,QLD,1986
Indonesia,QLD,1982
Sri Lanka,NSW,1970
Spain,NSW,1931
Bangladesh,SA,1869
Fiji,VIC,1865
Pakistan,QLD,1844
Mexico,NSW,1836
Chile,VIC,1833
Singapore,NSW,1777
Sri Lanka,QLD,1773
Mexico,VIC,1757
Nepal,TAS,1733
Malaysia,WA,1712
France,NSW,1706
Argentina,NSW,1678
Ecuador,QLD,1647
Bangladesh,QLD,1635
Malaysia,QLD,1627
Papua New Guinea,QLD,1613
Kenya,QLD,1603
Canada,QLD,1583
Germany,QLD,1564
Nepal,NT,1557
Sri Lanka,SA,1557
United Kingdom,NSW,1531
Italy,NSW,1515
Germany,NSW,1498
Hong Kong SAR,SA,1463
India,TAS,1457
United States of America,VIC,1444
Saudi Arabia,NSW,1439
Peru,NSW,1419
Japan,WA,1409
Kenya,SA,1368
Brazil,SA,1366
Bhutan,ACT,1347
Norway,QLD,1296
United Kingdom,VIC,1275
Singapore,WA,1264
Iran,VIC,1250
Hong Kong SAR,WA,1239
Argentina,QLD,1232
Fiji,QLD,1225
Iran,NSW,1190
India,NT,1177
Mexico,QLD,1111
Pakistan,SA,1096
Singapore,QLD,1090
Mauritius,WA,1042
Ecuador,NSW,1032
Italy,QLD,1032
France,QLD,1022
Taiwan,WA,1009
Laos,NSW,1007
Mauritius,VIC,1002
Cambodia,NSW,998
Canada,NSW,995
Italy,VIC,966
China,TAS,912
Canada,VIC,880
Nigeria,NSW,842
"Korea, Republic of (South)",WA,833
United Kingdom,QLD,829
United Kingdom,WA,822
Thailand,WA,799
Turkiye,QLD,797
Pakistan,TAS,769
Malaysia,SA,762
France,VIC,746
Mongolia,QLD,743
Japan,SA,737
Taiwan,SA,736
France,WA,728
Bangladesh,TAS,716
Thailand,SA,709
Germany,VIC,707
Mongolia,VIC,703
Peru,QLD,702
Bangladesh,NT,682
Zimbabwe,WA,674
Chile,WA,671
Philippines,ACT,654
Ecuador,VIC,644
Indonesia,SA,639
Spain,VIC,636
Peru,VIC,615
Vietnam,ACT,599
Italy,WA,577
Nigeria,VIC,576
Argentina,VIC,571
"Korea, Republic of (South)",SA,564
Iran,QLD,561
Philippines,NT,553
Russian Federation,NSW,546
Singapore,SA,536
Pakistan,ACT,514
Zimbabwe,VIC,513
Saudi Arabia,QLD,492
Ireland,NSW,490
Egypt,NSW,480
Myanmar,NSW,465
Laos,VIC,460
Indonesia,ACT,454
Nigeria,QLD,438
Bhutan,VIC,431
United Arab Emirates,NSW,426
Spain,WA,423
Argentina,WA,421
Zimbabwe,QLD,416
Sweden,NSW,405
Vietnam,NT,402
Norway,NSW,402
Kuwait,VIC,399
Germany,WA,389
Bangladesh,ACT,386
Vietnam,TAS,386
Zimbabwe,NSW,383
United States of America,WA,382
United Arab Emirates,VIC,373
Cambodia,SA,372
Sri Lanka,TAS,372
Mongolia,WA,354
Poland,NSW,350
Iran,WA,347
South Africa,QLD,347
Switzerland,NSW,341
Philippines,TAS,339
Peru,WA,336
China,NT,316
Jordan,NSW,316
Colombia,TAS,313
Nigeria,SA,310
Netherlands,NSW,302
Lebanon,NSW,298
Turkiye,WA,294
Switzerland,QLD,294
Germany,SA,293
Myanmar,VIC,292
Pakistan,NT,284
South Africa,NSW,272
Denmark,NSW,268
South Africa,WA,268
Uzbekistan,NSW,262
Ecuador,WA,262
Canada,WA,259
Lithuania,QLD,259
"Korea, Republic of (South)",ACT,255
Saudi Arabia,SA,252
Canada,SA,248
Macau,VIC,244
Ireland,VIC,241
Russian Federation,VIC,240
Malaysia,ACT,240
Czech Republic,NSW,239
Bhutan,NSW,239
Sweden,QLD,236
Netherlands,VIC,236
Italy,SA,229
Chile,SA,226
South Africa,VIC,221
Saudi Arabia,WA,218
Iran,SA,216
Denmark,VIC,216
Nigeria,WA,215
Macau,NSW,213
Lithuania,NSW,210
Hong Kong SAR,ACT,206
Taiwan,ACT,206
Portugal,NSW,203
Peru,SA,202
Sweden,VIC,201
United Kingdom,SA,200
Mauritius,NSW,195
Sri Lanka,ACT,193
Mexico,WA,193
Argentina,SA,190
Taiwan,TAS,190
Ecuador,SA,188
Portugal,VIC,185
Belgium,NSW,178
Ghana,NSW,176
Russian Federation,QLD,175
Denmark,QLD,173
Papua New Guinea,NSW,171
Norway,VIC,168
Netherlands,QLD,167
Ireland,WA,167
Zambia,WA,167
Japan,ACT,166
Kuwait,NSW,164
Belgium,QLD,162
Hong Kong SAR,TAS,161
United States of America,SA,161
Brazil,TAS,160
Egypt,VIC,159
Portugal,QLD,158
Cambodia,WA,157
Ethiopia,VIC,157
Bhutan,SA,155
Indonesia,NT,155
Mexico,SA,154
Slovakia,NSW,152
Cambodia,QLD,149
Czech Republic,QLD,147
Oman,VIC,144
Papua New Guinea,VIC,140
Malaysia,TAS,138
United Kingdom,ACT,137
Thailand,ACT,135
Sri Lanka,NT,133
Colombia,ACT,132
France,SA,131
Paraguay,NSW,131
Ethiopia,NSW,129
Uzbekistan,QLD,127
Nauru,QLD,126
Kenya,TAS,122
Ireland,QLD,120
Poland,VIC,116
Greece,VIC,116
Poland,QLD,115
Brunei Darussalam,VIC,114
Ghana,VIC,113
Belgium,VIC,113
Switzerland,VIC,111
Russian Federation,WA,110
Kazakhstan,NSW,107
Indonesia,TAS,106
Singapore,ACT,106
Netherlands,WA,105
Kuwait,SA,103
Austria,NSW,103
Sweden,WA,100
Solomon Islands,QLD,100
United Arab Emirates,QLD,99
United Arab Emirates,SA,99
Belgium,WA,99
Ghana,WA,98
Thailand,TAS,98
Fiji,SA,97
Uganda,NSW,96
Nigeria,TAS,96
Macau,QLD,95
Myanmar,WA,94
Uganda,QLD,94
Laos,QLD,93
United States of America,ACT,92
"Korea, Republic of (South)",TAS,92
North Macedonia,VIC,92
Chile,TAS,91
Uganda,VIC,90
Japan,TAS,89
Lebanon,VIC,87
Uruguay,QLD,87
Israel,VIC,87
North Macedonia,NSW,87
Mongolia,ACT,86
Jordan,VIC,86
United Arab Emirates,WA,85
Saudi Arabia,TAS,85
Iran,ACT,84
Bolivia,NSW,84
Finland,NSW,84
Uzbekistan,VIC,84
Brazil,ACT,83
Switzerland,WA,82
Botswana,VIC,80
Austria,QLD,79
Uruguay,NSW,79
Saudi Arabia,ACT,79
Italy,TAS,78
Fiji,ACT,77
Singapore,TAS,77
Israel,NSW,76
Estonia,WA,75
Maldives,VIC,75
Fiji,TAS,75
Kenya,NT,75
Tonga,NSW,74
Norway,WA,74
Myanmar,QLD,70
Israel,QLD,70
Greece,NSW,70
Mauritius,QLD,70
Egypt,QLD,70
Spain,SA,69
Guatemala,NSW,69
Ghana,QLD,69
Colombia,NT,69
Kazakhstan,VIC,69
Czech Republic,VIC,67
Ethiopia,SA,66
Estonia,QLD,66
Slovakia,QLD,65
Ethiopia,QLD,65
Zimbabwe,SA,65
Venezuela,NSW,65
Ukraine,NSW,64
Fiji,WA,64
Hungary,QLD,64
United Kingdom,TAS,64
Portugal,WA,64
Russian Federation,SA,64
Kenya,ACT,64
Papua New Guinea,SA,63
Cambodia,ACT,61
Italy,ACT,60
Turkiye,SA,59
Oman,NSW,59
United States of America,TAS,59
Hungary,NSW,58
Germany,TAS,57
Timor-Leste,VIC,54
Brunei Darussalam,NSW,54
Finland,QLD,54
France,ACT,53
Argentina,TAS,53
Lithuania,VIC,52
Germany,ACT,52
Poland,WA,51
Jordan,QLD,51
Botswana,NSW,51
Tanzania,VIC,50
Malawi,WA,50
Estonia,NSW,49
Maldives,NSW,48
Kuwait,QLD,48
Botswana,WA,48
Thailand,NT,48
Mongolia,SA,47
Nigeria,ACT,47
Austria,VIC,47
Romania,NSW,47
Venezuela,QLD,45
Uruguay,VIC,44
Chile,ACT,44
Egypt,WA,43
Solomon Islands,NSW,43
Denmark,WA,43
Guatemala,QLD,42
Canada,ACT,42
Morocco,QLD,42
Papua New Guinea,WA,41
Bolivia,VIC,41
Venezuela,VIC,41
Brunei Darussalam,WA,41
Kazakhstan,WA,40
Egypt,SA,40
Morocco,NSW,40
Mauritius,SA,40
Bhutan,NT,39
Ethiopia,WA,39
Portugal,SA,39
Macau,SA,38
Nigeria,NT,38
South Africa,SA,38
Bolivia,QLD,38
Finland,VIC,37
Brunei Darussalam,QLD,37
Venezuela,WA,37
Kyrgyzstan,NSW,36
Norway,SA,36
Guatemala,VIC,36
Egypt,ACT,35
Laos,ACT,35
Ghana,SA,35
Brazil,NT,34
Uganda,WA,34
France,TAS,34
Peru,TAS,34
Czech Republic,WA,34
Canada,TAS,34
Kuwait,WA,34
Iran,TAS,33
Botswana,QLD,33
Jordan,WA,33
Mexico,ACT,32
Peru,ACT,32
Laos,SA,32
Paraguay,VIC,31
Taiwan,NT,31
Zimbabwe,ACT,31
Macau,WA,31
El Salvador,QLD,31
Bulgaria,NSW,31
Maldives,WA,30
Venezuela,SA,30
Tonga,VIC,30
Zambia,NSW,29
Ecuador,TAS,29
Costa Rica,NSW,29
Netherlands,ACT,29
Paraguay,QLD,29
Myanmar,SA,29
Ukraine,VIC,29
United Kingdom,NT,28
Finland,WA,28
Hungary,VIC,28
Azerbaijan,NSW,28
Ethiopia,ACT,28
Sweden,SA,28
Myanmar,ACT,26
Romania,VIC,26
Algeria,NSW,26
Spain,ACT,26
Slovakia,WA,26
Fiji,NT,26
Israel,WA,26
Maldives,QLD,26
Rwanda,NSW,25
Papua New Guinea,ACT,25
Serbia,NSW,25
Iraq,NSW,25
Ghana,TAS,25
Belgium,SA,25
Denmark,SA,25
United Arab Emirates,ACT,25
Uzbekistan,WA,25
Albania,VIC,25
Zimbabwe,NT,24
Zambia,VIC,24
Romania,QLD,23
Tanzania,WA,23
Kuwait,ACT,23
Mauritius,ACT,23
Tonga,QLD,23
Ireland,ACT,23
Bolivia,WA,22
Samoa,VIC,22
Bhutan,TAS,22
Russian Federation,ACT,22
Slovakia,VIC,22
Solomon Islands,VIC,22
Sweden,ACT,22
Mexico,TAS,22
North Macedonia,WA,21
Hungary,WA,21
Panama,VIC,21
Kazakhstan,QLD,21
Ethiopia,TAS,21
Latvia,QLD,21
Malawi,VIC,21
Morocco,VIC,20
Iraq,VIC,20
Netherlands,SA,20
Latvia,NSW,20
Ireland,SA,20
Syria,NSW,20
Kazakhstan,SA,19
Vanuatu,NSW,19
Cambodia,NT,19
Timor-Leste,NT,19
Bulgaria,VIC,19
El Salvador,VIC,19
Mozambique,NSW,19
Laos,WA,19
Iraq,QLD,18
Samoa,QLD,18
Timor-Leste,NSW,18
Poland,SA,18
Jordan,ACT,18
Costa Rica,QLD,18
Switzerland,SA,18
Lithuania,WA,18
Lebanon,SA,18
Uruguay,WA,18
Austria,WA,18
Netherlands,TAS,18
Peru,NT,17
South Africa,ACT,17
Serbia,QLD,17
Panama,NSW,17
Germany,NT,17
Greece,WA,17
Malta,VIC,17
Greece,QLD,17
Other,VIC,16
El Salvador,NSW,16
Rwanda,QLD,16
Sudan,NSW,16
Panama,QLD,16
Greece,SA,16
Estonia,VIC,16
Oman,QLD,16
Oman,WA,16
Ghana,ACT,16
Honduras,VIC,15
Slovenia,VIC,15
Luxembourg,QLD,15
Bosnia and Herzegovina,NSW,15
Denmark,ACT,15
Hong Kong SAR,NT,15
Tunisia,NSW,15
Norway,TAS,15
Afghanistan,NSW,15
Morocco,SA,14
Uganda,SA,14
Serbia,VIC,14
Slovenia,QLD,14
Croatia,VIC,14
Tanzania,SA,14
Uzbekistan,SA,14
Dominican Republic,NSW,14
Zambia,SA,14
Denmark,TAS,14
Cambodia,TAS,14
Yemen,NSW,14
Zambia,QLD,14
Armenia,VIC,14
Armenia,NSW,14
Tanzania,QLD,14
Gaza Strip and West Bank,NSW,14
Hungary,SA,14
Argentina,ACT,14
Bulgaria,QLD,13
Tanzania,NSW,13
Lebanon,QLD,13
Croatia,NSW,13
Ecuador,ACT,13
Paraguay,WA,13
Switzerland,TAS,13
Switzerland,ACT,13
Malaysia,NT,13
Afghanistan,VIC,13
Slovenia,NSW,13
Vanuatu,VIC,13
Madagascar,VIC,13
Kiribati,QLD,13
South Africa,TAS,13
Papua New Guinea,TAS,12
Luxembourg,NSW,12
Sierra Leone,NSW,12
Uruguay,SA,12
United States of America,NT,12
Zimbabwe,TAS,12
Seychelles,WA,12
Sudan,VIC,12
Malawi,QLD,12
Belarus,NSW,12
Namibia,WA,12
Chile,NT,12
Bahrain,VIC,12
Azerbaijan,QLD,12
Vanuatu,QLD,12
Malawi,NSW,11
Mozambique,WA,11
Romania,WA,11
"Congo, Democratic Republic of",WA,11
Cameroon,QLD,11
Uganda,ACT,11
Austria,SA,11
Ethiopia,NT,11
Ukraine,QLD,11
Solomon Islands,SA,11
Brunei Darussalam,SA,11
Poland,ACT,11
Kiribati,VIC,11
Oman,SA,11
Azerbaijan,VIC,10
North Macedonia,ACT,10
Honduras,NSW,10
Maldives,SA,10
Honduras,QLD,10
Cyprus,NSW,10
Cyprus,VIC,10
Italy,NT,10
Jordan,SA,10
South Africa,NT,10
Argentina,NT,10
Czech Republic,SA,10
Spain,TAS,10
Iceland,QLD,10
Mauritius,TAS,10
Dominican Republic,VIC,10
Timor-Leste,QLD,9
Turkiye,ACT,9
Namibia,QLD,9
Albania,NSW,9
Belarus,QLD,9
Kyrgyzstan,VIC,9
Dominican Republic,QLD,9
Sweden,TAS,9
Luxembourg,VIC,9
Costa Rica,VIC,9
North Macedonia,QLD,9
Slovenia,WA,9
Finland,ACT,9
Guatemala,WA,8
Morocco,WA,8
Other,QLD,8
Costa Rica,SA,8
Macau,ACT,8
Albania,SA,8
Bahrain,QLD,8
Bulgaria,WA,8
Burundi,QLD,8
France,NT,8
Japan,NT,8
Panama,SA,8
Seychelles,QLD,8
"Congo, Democratic Republic of",VIC,8
Croatia,WA,8
Samoa,NSW,8
Tunisia,VIC,8
Jamaica,VIC,8
Syria,VIC,8
Papua New Guinea,NT,7
Iraq,WA,7
Other,NSW,7
Serbia,WA,7
Vanuatu,WA,7
Tunisia,WA,7
Israel,ACT,7
Mongolia,TAS,7
Yemen,QLD,7
Algeria,VIC,7
Portugal,ACT,7
Latvia,VIC,7
Malawi,SA,7
Iceland,NSW,7
Trinidad and Tobago,NSW,7
Trinidad and Tobago,QLD,7
Ukraine,SA,7
Yemen,VIC,7
"Congo, Democratic Republic of",SA,7
Iran,NT,7
Solomon Islands,ACT,7
Russian Federation,TAS,7
Estonia,ACT,6
Ghana,NT,6
Azerbaijan,WA,6
Poland,TAS,6
Gabon,WA,6
Egypt,TAS,6
Georgia,QLD,6
Georgia,NSW,6
Austria,ACT,6
Lebanon,WA,6
Bolivia,SA,6
Seychelles,VIC,6
Mexico,NT,6
Ukraine,WA,6
Slovakia,SA,6
Myanmar,TAS,6
Yemen,ACT,6
Iceland,VIC,6
Kosovo,QLD,6
Nicaragua,QLD,6
Tonga,WA,6
Belgium,ACT,6
Jordan,TAS,6
Belarus,VIC,6
Mozambique,QLD,6
Afghanistan,QLD,6
Spain,NT,6
Panama,WA,6
Timor-Leste,WA,6
Rwanda,VIC,6
Other,WA,6
Armenia,WA,5
Rwanda,WA,5
Ireland,TAS,5
Serbia,SA,5
Burundi,VIC,5
Gaza Strip and West Bank,QLD,5
Tajikistan,NSW,5
Tonga,SA,5
Gaza Strip and West Bank,VIC,5
Montenegro,VIC,5
Jamaica,QLD,5
Namibia,NSW,5
Cameroon,VIC,5
Belgium,TAS,5
Albania,QLD,5
Kiribati,NSW,5
Madagascar,NSW,5
Ecuador,NT,5
Finland,TAS,5
Bosnia and Herzegovina,VIC,5
El Salvador,SA,5
Qatar,VIC,5
Dominica,NSW,5
Sudan,ACT,5
Kazakhstan,ACT,5
Uganda,TAS,5
Costa Rica,WA,5
Kyrgyzstan,QLD,5
Bahamas,NSW,4
Liberia,NSW,4
Israel,SA,4
Timor-Leste,ACT,4
Armenia,SA,4
Lesotho,VIC,4
Botswana,ACT,4
Malta,QLD,4
Tonga,ACT,4
Malta,NSW,4
Eritrea,NSW,4
Jamaica,NSW,4
Honduras,WA,4
Paraguay,SA,4
Norway,ACT,4
Botswana,SA,4
Sierra Leone,SA,4
Sierra Leone,WA,4
Romania,SA,4
Romania,ACT,4
Turkiye,TAS,4
Maldives,ACT,4
El Salvador,WA,4
El Salvador,TAS,4
Algeria,QLD,4
Mauritius,NT,4
Algeria,WA,4
Brunei Darussalam,ACT,4
Uruguay,TAS,4
Zambia,ACT,4
Kyrgyzstan,WA,4
Nauru,VIC,4
Sudan,WA,4
Czech Republic,ACT,4
Lebanon,TAS,4
Lebanon,NT,4
"Congo, Democratic Republic of",QLD,4
Sweden,NT,4
Cuba,NSW,4
Uzbekistan,ACT,4
Mozambique,VIC,4
Finland,SA,4
Cyprus,QLD,4
Cyprus,TAS,4
Canada,NT,4
Kosovo,VIC,4
Iraq,SA,4
Iraq,ACT,4
Moldova,VIC,3
Moldova,NSW,3
Turkmenistan,WA,3
Afghanistan,SA,3
Belize,NSW,3
Cameroon,WA,3
Iceland,WA,3
Ireland,NT,3
Timor-Leste,SA,3
Burundi,SA,3
Liberia,WA,3
Belarus,WA,3
Hungary,ACT,3
Belgium,NT,3
Kiribati,ACT,3
Madagascar,QLD,3
Dominica,VIC,3
Venezuela,TAS,3
Guatemala,TAS,3
Singapore,NT,3
Malta,WA,3
Tonga,NT,3
Bolivia,ACT,3
Liechtenstein,NSW,3
St Kitts and Nevis,VIC,3
Djibouti,VIC,3
Qatar,NSW,3
Cameroon,TAS,3
Solomon Islands,WA,3
Swaziland,QLD,3
Swaziland,WA,3
Namibia,SA,3
Laos,NT,3
Sudan,QLD,3
"Congo, Democratic Republic of",NSW,3
St Kitts and Nevis,NSW,3
Tuvalu,NSW,3
Other,SA,3
Tunisia,SA,3
Uganda,NT,3
Laos,TAS,3
"Korea, Democratic People's Republic of (North)",NSW,3
Yemen,WA,3
Estonia,TAS,3
Lithuania,SA,3
Nicaragua,VIC,3
Nicaragua,SA,3
Portugal,NT,3
Cuba,VIC,3
Luxembourg,WA,3
Sierra Leone,VIC,3
Barbados,VIC,3
Turkiye,NT,3
Myanmar,NT,3
Suriname,SA,3
Albania,TAS,2
Lesotho,SA,2
Lesotho,QLD,2
Lesotho,NSW,2
Afghanistan,WA,2
Turkmenistan,VIC,2
Turkmenistan,QLD,2
Armenia,QLD,2
Serbia,ACT,2
Chad,NSW,2
Guyana,NSW,2
Bahamas,QLD,2
Burundi,WA,2
Burundi,NSW,2
Benin,TAS,2
Rwanda,SA,2
Bahamas,VIC,2
Liberia,QLD,2
Cameroon,NSW,2
Latvia,WA,2
Syria,ACT,2
Liberia,VIC,2
Hungary,TAS,2
Georgia,VIC,2
Madagascar,WA,2
Trinidad and Tobago,VIC,2
Tuvalu,QLD,2
Mongolia,NT,2
Tuvalu,VIC,2
Tunisia,QLD,2
Vanuatu,ACT,2
Uruguay,ACT,2
Uruguay,NT,2
Morocco,TAS,2
Montenegro,WA,2
Namibia,TAS,2
Jamaica,WA,2
Kazakhstan,NT,2
Kazakhstan,TAS,2
Czech Republic,NT,2
Swaziland,NSW,2
Botswana,NT,2
Swaziland,SA,2
Syria,SA,2
Syria,QLD,2
Syria,WA,2
Cyprus,SA,2
Mozambique,SA,2
Azerbaijan,TAS,2
Costa Rica,ACT,2
Costa Rica,NT,2
Estonia,SA,2
Maldives,TAS,2
Afghanistan,ACT,2
Cuba,WA,2
Gaza Strip and West Bank,ACT,2
Gaza Strip and West Bank,SA,2
Eritrea,QLD,2
Cote d'Ivoire,VIC,2
United Arab Emirates,TAS,2
Eritrea,VIC,2
Guatemala,SA,2
Poland,NT,2
"Korea, Republic of (South)",NT,2
Oman,TAS,2
Nicaragua,NSW,2
Venezuela,ACT,2
Greece,NT,2
United Kingdom (Other),WA,2
Tanzania,NT,2
Gaza Strip and West Bank,WA,2
Dominica,QLD,2
Russian Federation,NT,2
Bahrain,ACT,2
Algeria,ACT,2
Tanzania,TAS,2
Slovakia,NT,2
Slovakia,ACT,2
Sierra Leone,QLD,2
Niger,NSW,2
Croatia,TAS,2
Mali,NSW,2
St Lucia,NSW,2
Gambia,NSW,2
Gambia,VIC,2
Marshall Islands,NSW,2
South Sudan,VIC,2
South Sudan,NSW,2
Equatorial Guinea,NSW,2
"Micronesia, Federated States of",NSW,1
"Micronesia, Federated States of",QLD,1
St Vincent and the Grenadines,VIC,1
Djibouti,NSW,1
Djibouti,TAS,1
"Virgin Islands, British",QLD,1
South Sudan,ACT,1
Marshall Islands,ACT,1
Marshall Islands,QLD,1
St Helena,WA,1
Chad,VIC,1
Gambia,WA,1
Bermuda,VIC,1
Guyana,QLD,1
St Lucia,QLD,1
St Lucia,SA,1
St Lucia,VIC,1
San Marino,SA,1
San Marino,VIC,1
Haiti,NSW,1
Haiti,VIC,1
Cook Islands,NSW,1
Seychelles,SA,1
Sierra Leone,ACT,1
Suriname,VIC,1
Barbados,NSW,1
Barbados,TAS,1
Croatia,QLD,1
Croatia,SA,1
Bosnia and Herzegovina,WA,1
Romania,NT,1
Qatar,SA,1
Bahrain,NSW,1
Bahrain,WA,1
Bulgaria,SA,1
Greece,ACT,1
Burkina Faso,NSW,1
United Kingdom (Other),NSW,1
Zambia,NT,1
Zambia,TAS,1
United Kingdom (Other),QLD,1
United Kingdom (Other),VIC,1
Kyrgyzstan,ACT,1
Kyrgyzstan,SA,1
Kyrgyzstan,TAS,1
Nauru,ACT,1
Nauru,NSW,1
Dominica,SA,1
Seychelles,NSW,1
Greece,TAS,1
Bolivia,TAS,1
Tonga,TAS,1
Monaco,ACT,1
Monaco,VIC,1
Malta,ACT,1
Malta,NT,1
Guinea,QLD,1
Antigua and Barbuda,ACT,1
Antigua and Barbuda,VIC,1
Liechtenstein,QLD,1
Cote d'Ivoire,NSW,1
Cote d'Ivoire,QLD,1
Egypt,NT,1
Costa Rica,TAS,1
Luxembourg,SA,1
St Kitts and Nevis,SA,1
Estonia,NT,1
Libya,ACT,1
Libya,NSW,1
Libya,WA,1
Cuba,QLD,1
Cuba,TAS,1
Portugal,TAS,1
Azerbaijan,ACT,1
Trinidad and Tobago,WA,1
Honduras,TAS,1
Other,ACT,1
Tuvalu,WA,1
El Salvador,ACT,1
Albania,WA,1
Bosnia and Herzegovina,QLD,1
Bosnia and Herzegovina,SA,1
Paraguay,ACT,1
Paraguay,TAS,1
Nicaragua,WA,1
Andorra,NSW,1
Andorra,QLD,1
Andorra,SA,1
Lebanon,ACT,1
Samoa,ACT,1
Morocco,ACT,1
Slovenia,ACT,1
Austria,NT,1
Vanuatu,SA,1
Vanuatu,TAS,1
St Kitts and Nevis,NT,1
St Kitts and Nevis,QLD,1
New Caledonia,VIC,1
Uzbekistan,NT,1
Sudan,SA,1
Sudan,TAS,1
Yemen,SA,1
Czech Republic,TAS,1
Ukraine,ACT,1
Ukraine,TAS,1
Senegal,WA,1
Jamaica,TAS,1
Bahamas,ACT,1
Botswana,TAS,1
Macau,TAS,1
Latvia,ACT,1
Latvia,NT,1
Uzbekistan,TAS,1
Cameroon,ACT,1
Cameroon,SA,1
Mozambique,ACT,1
Latvia,SA,1
Solomon Islands,NT,1
Solomon Islands,TAS,1
Iceland,SA,1
Bahamas,WA,1
Rwanda,ACT,1
Israel,TAS,1
Chad,WA,1
Liberia,SA,1
Liberia,TAS,1
Syria,TAS,1
Kosovo,NSW,1
Finland,NT,1
Malawi,TAS,1
Angola,QLD,1
Cyprus,ACT,1
North Macedonia,SA,1
North Macedonia,TAS,1
Guinea-Bissau,NSW,1
Georgia,SA,1
"Congo, Republic of",WA,1
Afghanistan,TAS,1
Turkmenistan,TAS,1
Grenada,NSW,1
Grenada,QLD,1
Grenada,VIC,1
Moldova,QLD,1
British Indian Ocean Territory,QLD,1
