year,nationality,enrolments,rank
2005,China,83632,1
2005,India,27474,2
2005,"Korea, Republic of (South)",26273,3
2005,Malaysia,19302,4
2005,Japan,19061,5
2005,Hong Kong SAR,18795,6
2005,Thailand,16494,7
2005,Indonesia,16124,8
2005,United States of America,12623,9
2005,Singapore,9935,10
2005,Taiwan,9672,11
2005,Brazil,7025,12
2005,Bangladesh,6664,13
2005,Vietnam,5297,14
2005,Germany,4848,15
2005,United Kingdom,4214,16
2005,Sri Lanka,3869,17
2005,Canada,3813,18
2005,Norway,3348,19
2005,Czech Republic,2579,20
2005,France,2453,21
2005,Sweden,2392,22
2005,Pakistan,2287,23
2005,Poland,1920,24
2005,Slovakia,1773,25
2005,Colombia,1736,26
2005,Mauritius,1598,27
2005,Kenya,1486,28
2005,Switzerland,1482,29
2005,Zimbabwe,1462,30
2005,Nepal,1285,31
2005,Philippines,1149,32
2005,Mexico,1119,33
2005,Saudi Arabia,1040,34
2005,Belgium,943,35
2005,United Arab Emirates,877,36
2005,Turkiye,875,37
2005,Iran,851,38
2005,Oman,837,39
2005,Zambia,775,40
2005,Botswana,774,41
2005,Russian Federation,762,42
2005,Italy,756,43
2005,Hungary,726,44
2005,Spain,720,45
2005,Netherlands,677,46
2005,Brunei Darussalam,659,47
2005,Fiji,543,48
2005,Denmark,531,49
2005,South Africa,501,50
2005,Lebanon,493,51
2005,Jordan,489,52
2005,Portugal,475,53
2005,Other,470,54
2005,Papua New Guinea,435,55
2005,Myanmar,418,56
2005,Egypt,397,57
2005,Austria,377,58
2005,Ireland,352,59
2005,Chile,326,60
2005,Israel,305,61
2005,Peru,301,62
2005,Bahrain,295,63
2005,Finland,269,64
2005,Macau,262,65
2005,Cambodia,243,66
2005,Maldives,234,67
2005,Qatar,223,68
2005,Seychelles,182,69
2005,United Kingdom (Other),168,70
2005,Mongolia,163,71
2005,Bhutan,157,72
2005,Romania,157,72
2005,Tanzania,154,74
2005,Venezuela,140,75
2005,Solomon Islands,137,76
2005,Argentina,136,77
2005,Kuwait,130,78
2005,Nigeria,129,79
2005,Ghana,126,80
2005,Laos,110,81
2005,Malawi,99,82
2005,Timor-Leste,93,83
2005,Libya,88,84
2005,Greece,81,85
2005,Uganda,81,85
2005,Ukraine,77,87
2005,"Korea, Democratic People's Republic of (North)",77,87
2005,Uzbekistan,76,89
2005,Latvia,71,90
2005,Ecuador,65,91
2005,Tonga,53,92
2005,Syria,50,93
2005,Ethiopia,44,94
2005,Iceland,43,95
2005,Croatia,42,96
2005,Bulgaria,41,97
2005,Kazakhstan,39,98
2005,Nauru,39,98
2005,Gaza Strip and West Bank,38,100
2005,Yugoslavia,37,101
2005,Mozambique,34,102
2005,Lithuania,32,103
2005,New Caledonia,31,104
2005,North Macedonia,29,105
2005,Slovenia,29,105
2005,Samoa,28,107
2005,Cyprus,27,108
2005,Iraq,25,109
2005,Uruguay,25,109
2005,Morocco,24,111
2005,El Salvador,24,111
2005,Sudan,24,111
2005,Malta,24,111
2005,Estonia,22,115
2005,Jamaica,22,115
2005,Vanuatu,21,117
2005,Albania,20,118
2005,French Polynesia,19,119
2005,Belarus,18,120
2005,British Indian Ocean Territory,17,121
2005,Reunion,16,122
2005,Cameroon,15,123
2005,Tuvalu,15,123
2005,Yemen,15,123
2005,Serbia,14,126
2005,Paraguay,13,127
2005,Luxembourg,13,127
2005,Moldova,13,127
2005,Algeria,12,130
2005,Bolivia,12,130
2005,Afghanistan,11,132
2005,Panama,11,132
2005,Mauritania,11,132
2005,Costa Rica,10,135
2005,Guatemala,10,135
2005,Kyrgyzstan,10,135
2005,Tunisia,10,135
2005,Bosnia and Herzegovina,9,139
2005,Eritrea,9,139
2005,Rwanda,9,139
2005,Kiribati,9,139
2005,Trinidad and Tobago,8,143
2005,Angola,7,144
2005,Swaziland,7,144
2005,Bahamas,7,144
2005,Dominican Republic,6,147
2005,"Congo, Democratic Republic of",6,147
2005,Barbados,6,147
2005,"Congo, Republic of",6,147
2005,Madagascar,6,147
2005,Turkmenistan,6,147
2005,Sierra Leone,5,153
2005,Namibia,5,153
2005,Burundi,5,153
2005,Honduras,4,156
2005,Dominica,4,156
2005,Tajikistan,4,156
2005,Armenia,4,156
2005,Falkland Islands,4,156
2005,Liechtenstein,3,161
2005,Azerbaijan,3,161
2005,Cuba,3,161
2005,Monaco,3,161
2005,Lesotho,3,161
2005,Puerto Rico,3,161
2005,Belize,3,161
2005,Liberia,3,161
2005,Cote d'Ivoire,2,169
2005,Guinea,2,169
2005,Antigua and Barbuda,2,169
2005,Nicaragua,2,169
2005,Benin,2,169
2005,Georgia,2,169
2005,Guyana,2,169
2005,St Lucia,2,169
2005,Haiti,2,169
2005,Palau,2,169
2005,Comoros,2,169
2005,Togo,1,180
2005,Suriname,1,180
2005,Senegal,1,180
2005,Faroe Islands,1,180
2005,Gambia,1,180
2005,Guinea-Bissau,1,180
2005,Gabon,1,180
2005,"Samoa, American",1,180
2005,French Guiana,1,180
2005,St Vincent and the Grenadines,1,180
2005,Somalia,1,180
2005,Marshall Islands,1,180
2005,Cocos (Keeling) Islands,1,180
2006,China,92831,1
2006,India,38682,2
2006,"Korea, Republic of (South)",31101,3
2006,Malaysia,19060,4
2006,Thailand,17815,5
2006,Japan,17726,6
2006,Hong Kong SAR,16468,7
2006,Indonesia,14915,8
2006,United States of America,12062,9
2006,Brazil,10093,10
2006,Taiwan,10001,11
2006,Singapore,9276,12
2006,Bangladesh,7062,13
2006,Vietnam,6708,14
2006,Germany,5200,15
2006,Sri Lanka,5021,16
2006,United Kingdom,4500,17
2006,Canada,4182,18
2006,Pakistan,3133,19
2006,Colombia,2991,20
2006,France,2959,21
2006,Nepal,2685,22
2006,Norway,2629,23
2006,Czech Republic,2578,24
2006,Sweden,2172,25
2006,Poland,2006,26
2006,Mauritius,1906,27
2006,Saudi Arabia,1888,28
2006,Zimbabwe,1748,29
2006,Kenya,1611,30
2006,Switzerland,1599,31
2006,Slovakia,1580,32
2006,Philippines,1507,33
2006,Mexico,1241,34
2006,Iran,1190,35
2006,United Arab Emirates,1108,36
2006,Turkiye,1102,37
2006,Belgium,1033,38
2006,Italy,1011,39
2006,Egypt,864,40
2006,Russian Federation,841,41
2006,Spain,820,42
2006,Oman,807,43
2006,Zambia,788,44
2006,Hungary,773,45
2006,Netherlands,717,46
2006,Botswana,663,47
2006,Brunei Darussalam,656,48
2006,Lebanon,606,49
2006,Jordan,606,49
2006,Peru,569,51
2006,Portugal,568,52
2006,Chile,534,53
2006,South Africa,524,54
2006,Fiji,518,55
2006,Denmark,502,56
2006,Other,495,57
2006,Myanmar,449,58
2006,Papua New Guinea,430,59
2006,Austria,402,60
2006,Israel,373,61
2006,Ireland,353,62
2006,Bahrain,322,63
2006,Macau,298,64
2006,Cambodia,294,65
2006,Finland,267,66
2006,Maldives,197,67
2006,Romania,195,68
2006,Seychelles,180,69
2006,Bhutan,175,70
2006,Nigeria,169,71
2006,Venezuela,166,72
2006,Tanzania,165,73
2006,Qatar,156,74
2006,Kuwait,150,75
2006,Mongolia,140,76
2006,Argentina,138,77
2006,Ghana,128,78
2006,Solomon Islands,120,79
2006,Laos,111,80
2006,United Kingdom (Other),109,81
2006,Malawi,101,82
2006,Libya,92,83
2006,Uganda,88,84
2006,Ukraine,80,85
2006,Ecuador,80,85
2006,Timor-Leste,78,87
2006,Greece,75,88
2006,Uzbekistan,75,88
2006,North Macedonia,71,90
2006,Latvia,68,91
2006,"Korea, Democratic People's Republic of (North)",63,92
2006,Ethiopia,56,93
2006,Syria,55,94
2006,Iceland,53,95
2006,Iraq,49,96
2006,Tonga,46,97
2006,Gaza Strip and West Bank,45,98
2006,Lithuania,44,99
2006,Slovenia,43,100
2006,Kazakhstan,43,100
2006,Bulgaria,41,102
2006,Croatia,33,103
2006,Mozambique,32,104
2006,Yugoslavia,32,104
2006,New Caledonia,31,106
2006,Serbia,31,106
2006,Belarus,31,106
2006,Samoa,29,109
2006,Morocco,27,110
2006,Albania,27,110
2006,El Salvador,27,110
2006,Malta,25,113
2006,Estonia,24,114
2006,Cyprus,23,115
2006,Vanuatu,23,115
2006,Sudan,22,117
2006,Nauru,22,117
2006,Uruguay,20,119
2006,Paraguay,19,120
2006,Afghanistan,19,120
2006,Yemen,19,120
2006,Jamaica,18,123
2006,Tuvalu,17,124
2006,Trinidad and Tobago,15,125
2006,Bolivia,15,125
2006,Moldova,14,127
2006,British Indian Ocean Territory,14,127
2006,Algeria,13,129
2006,French Polynesia,13,129
2006,Cameroon,12,131
2006,Bosnia and Herzegovina,12,131
2006,Luxembourg,12,131
2006,Tunisia,11,134
2006,Panama,11,134
2006,Reunion,11,134
2006,Bahamas,10,137
2006,Rwanda,10,137
2006,Guatemala,9,139
2006,Kyrgyzstan,9,139
2006,Eritrea,9,139
2006,Kiribati,9,139
2006,Mauritania,9,139
2006,Swaziland,7,144
2006,Armenia,7,144
2006,Honduras,6,146
2006,Angola,6,146
2006,Costa Rica,6,146
2006,Barbados,6,146
2006,Turkmenistan,6,146
2006,Dominican Republic,5,151
2006,"Congo, Democratic Republic of",5,151
2006,Sierra Leone,5,151
2006,Tajikistan,5,151
2006,Burundi,5,151
2006,"Congo, Republic of",5,151
2006,Madagascar,5,151
2006,Azerbaijan,4,158
2006,Guinea,4,158
2006,Namibia,4,158
2006,Lesotho,4,158
2006,Belize,4,158
2006,Liberia,4,158
2006,Monaco,3,164
2006,Nicaragua,3,164
2006,Benin,3,164
2006,Puerto Rico,3,164
2006,Georgia,3,164
2006,Somalia,3,164
2006,Liechtenstein,2,170
2006,Cote d'Ivoire,2,170
2006,Cuba,2,170
2006,Dominica,2,170
2006,Antigua and Barbuda,2,170
2006,Senegal,2,170
2006,Gambia,2,170
2006,Gabon,2,170
2006,Falkland Islands,2,170
2006,"Samoa, American",2,170
2006,Niger,2,170
2006,Palau,2,170
2006,St Vincent and the Grenadines,2,170
2006,Comoros,2,170
2006,Togo,1,184
2006,Faroe Islands,1,184
2006,Guinea-Bissau,1,184
2006,Grenada,1,184
2006,Guyana,1,184
2006,St Lucia,1,184
2006,Haiti,1,184
2006,United States (Territories),1,184
2006,Sao Tome and Principe,1,184
2006,Marshall Islands,1,184
2006,Netherlands Antilles,1,184
2006,Bermuda,1,184
2006,Zaire,1,184
2006,Northern Mariana Islands,1,184
2006,Cocos (Keeling) Islands,1,184
2006,Anguilla,1,184
2007,China,110885,1
2007,India,62880,2
2007,"Korea, Republic of (South)",34560,3
2007,Thailand,19919,4
2007,Malaysia,19773,5
2007,Japan,16113,6
2007,Indonesia,14812,7
2007,Hong Kong SAR,14236,8
2007,Brazil,12463,9
2007,United States of America,11841,10
2007,Taiwan,9771,11
2007,Vietnam,9625,12
2007,Nepal,9152,13
2007,Singapore,8837,14
2007,Bangladesh,7761,15
2007,Sri Lanka,6688,16
2007,Germany,5656,17
2007,Colombia,5446,18
2007,United Kingdom,4912,19
2007,Pakistan,4807,20
2007,Canada,4366,21
2007,Saudi Arabia,3675,22
2007,France,3527,23
2007,Czech Republic,2709,24
2007,Mauritius,2541,25
2007,Norway,2175,26
2007,Poland,2163,27
2007,Philippines,1988,28
2007,Sweden,1942,29
2007,Zimbabwe,1935,30
2007,Kenya,1748,31
2007,Egypt,1719,32
2007,Slovakia,1622,33
2007,Switzerland,1567,34
2007,Iran,1537,35
2007,Turkiye,1518,36
2007,Mexico,1438,37
2007,United Arab Emirates,1307,38
2007,Italy,1260,39
2007,Belgium,1082,40
2007,Peru,1078,41
2007,Hungary,956,42
2007,Spain,919,43
2007,Russian Federation,877,44
2007,Zambia,790,45
2007,Lebanon,789,46
2007,Chile,776,47
2007,Jordan,763,48
2007,Oman,744,49
2007,Netherlands,718,50
2007,Brunei Darussalam,648,51
2007,Portugal,635,52
2007,Myanmar,601,53
2007,South Africa,592,54
2007,Other,533,55
2007,Botswana,532,56
2007,Denmark,521,57
2007,Papua New Guinea,479,58
2007,Fiji,468,59
2007,Austria,405,60
2007,Israel,396,61
2007,Cambodia,370,62
2007,Macau,345,63
2007,Ireland,336,64
2007,Bahrain,305,65
2007,Finland,299,66
2007,Venezuela,240,67
2007,Romania,217,68
2007,Nigeria,207,69
2007,Bhutan,182,70
2007,Kuwait,182,70
2007,Seychelles,182,70
2007,Maldives,181,73
2007,Tanzania,176,74
2007,Argentina,166,75
2007,Mongolia,152,76
2007,Laos,147,77
2007,Ghana,143,78
2007,North Macedonia,138,79
2007,Libya,136,80
2007,Qatar,122,81
2007,Ecuador,104,82
2007,Solomon Islands,101,83
2007,Uzbekistan,94,84
2007,Malawi,94,84
2007,Uganda,91,86
2007,Timor-Leste,85,87
2007,Greece,80,88
2007,Ukraine,79,89
2007,Iraq,70,90
2007,Latvia,67,91
2007,Lithuania,66,92
2007,Kazakhstan,64,93
2007,United Kingdom (Other),62,94
2007,Slovenia,60,95
2007,Syria,59,96
2007,Gaza Strip and West Bank,54,97
2007,Serbia,54,97
2007,"Korea, Democratic People's Republic of (North)",50,99
2007,Ethiopia,49,100
2007,Croatia,49,100
2007,Iceland,49,100
2007,Tonga,43,103
2007,Bulgaria,38,104
2007,Kiribati,35,105
2007,Albania,33,106
2007,Yugoslavia,33,106
2007,Estonia,32,108
2007,Afghanistan,32,108
2007,Morocco,30,110
2007,Malta,30,110
2007,Sudan,29,112
2007,Vanuatu,29,112
2007,Mozambique,28,114
2007,Uruguay,28,114
2007,Cyprus,25,116
2007,Belarus,24,117
2007,El Salvador,22,118
2007,Samoa,20,119
2007,Cameroon,19,120
2007,Trinidad and Tobago,18,121
2007,Moldova,18,121
2007,Yemen,17,123
2007,Panama,17,123
2007,Bosnia and Herzegovina,16,125
2007,Guatemala,16,125
2007,Bolivia,15,127
2007,Jamaica,15,127
2007,Paraguay,14,129
2007,New Caledonia,12,130
2007,Tuvalu,12,130
2007,Luxembourg,12,130
2007,Rwanda,12,130
2007,Honduras,11,134
2007,Algeria,11,134
2007,French Polynesia,11,134
2007,Namibia,10,137
2007,Reunion,10,137
2007,British Indian Ocean Territory,10,137
2007,Azerbaijan,9,140
2007,Eritrea,9,140
2007,Tunisia,9,140
2007,Madagascar,9,140
2007,Liechtenstein,8,144
2007,Costa Rica,8,144
2007,Kyrgyzstan,8,144
2007,Nauru,8,144
2007,Armenia,8,144
2007,Dominican Republic,7,149
2007,"Congo, Republic of",7,149
2007,Barbados,6,151
2007,Bahamas,6,151
2007,Burundi,6,151
2007,Cuba,5,154
2007,Angola,5,154
2007,"Congo, Democratic Republic of",5,154
2007,Sierra Leone,5,154
2007,Tajikistan,5,154
2007,Swaziland,5,154
2007,Lesotho,5,154
2007,Guinea,4,161
2007,Antigua and Barbuda,4,161
2007,Puerto Rico,4,161
2007,Georgia,4,161
2007,Belize,4,161
2007,Mauritania,4,161
2007,Cote d'Ivoire,3,167
2007,Burkina Faso,3,167
2007,Nicaragua,3,167
2007,Benin,3,167
2007,Somalia,3,167
2007,Kosovo,2,172
2007,Dominica,2,172
2007,Suriname,2,172
2007,Senegal,2,172
2007,Gambia,2,172
2007,Guinea-Bissau,2,172
2007,Chad,2,172
2007,Liberia,2,172
2007,St Vincent and the Grenadines,2,172
2007,Comoros,2,172
2007,Bermuda,2,172
2007,Bouvet Island,2,172
2007,Togo,1,184
2007,Monaco,1,184
2007,Faroe Islands,1,184
2007,Turkmenistan,1,184
2007,Gabon,1,184
2007,Grenada,1,184
2007,Guyana,1,184
2007,"Samoa, American",1,184
2007,Haiti,1,184
2007,"Micronesia, Federated States of",1,184
2007,Equatorial Guinea,1,184
2007,Netherlands Antilles,1,184
2007,Zaire,1,184
2008,China,132468,1
2008,India,96713,2
2008,"Korea, Republic of (South)",35485,3
2008,Thailand,22409,4
2008,Malaysia,21161,5
2008,Nepal,18112,6
2008,Indonesia,16023,7
2008,Brazil,15972,8
2008,Vietnam,15886,9
2008,Japan,13558,10
2008,Hong Kong SAR,12329,11
2008,United States of America,11600,12
2008,Taiwan,9183,13
2008,Singapore,8847,14
2008,Sri Lanka,8056,15
2008,Saudi Arabia,7863,16
2008,Colombia,7707,17
2008,Bangladesh,7015,18
2008,Pakistan,6166,19
2008,Germany,5982,20
2008,United Kingdom,5192,21
2008,Canada,4594,22
2008,Mauritius,4394,23
2008,France,3821,24
2008,Philippines,2798,25
2008,Czech Republic,2463,26
2008,Egypt,2242,27
2008,Zimbabwe,2205,28
2008,Poland,2121,29
2008,Norway,2093,30
2008,Kenya,1986,31
2008,Turkiye,1932,32
2008,Iran,1871,33
2008,Sweden,1841,34
2008,Peru,1715,35
2008,Switzerland,1560,36
2008,United Arab Emirates,1532,37
2008,Slovakia,1511,38
2008,Italy,1498,39
2008,Mexico,1474,40
2008,Hungary,1151,41
2008,Belgium,1050,42
2008,Russian Federation,1034,43
2008,Spain,1031,44
2008,Lebanon,1026,45
2008,Chile,1017,46
2008,Jordan,933,47
2008,Zambia,814,48
2008,Netherlands,768,49
2008,Portugal,757,50
2008,Myanmar,750,51
2008,Oman,720,52
2008,South Africa,700,53
2008,Brunei Darussalam,663,54
2008,Denmark,584,55
2008,Other,565,56
2008,Papua New Guinea,551,57
2008,Israel,487,58
2008,Cambodia,480,59
2008,Botswana,455,60
2008,Fiji,439,61
2008,Macau,419,62
2008,Austria,394,63
2008,Venezuela,382,64
2008,Ireland,359,65
2008,Finland,341,66
2008,Bahrain,294,67
2008,Mongolia,234,68
2008,Libya,229,69
2008,Nigeria,220,70
2008,Romania,210,71
2008,Maldives,208,72
2008,Kuwait,194,73
2008,Laos,190,74
2008,Tanzania,184,75
2008,Argentina,177,76
2008,Iraq,174,77
2008,North Macedonia,165,78
2008,Bhutan,162,79
2008,Seychelles,157,80
2008,Ghana,139,81
2008,Ecuador,126,82
2008,Qatar,117,83
2008,Timor-Leste,107,84
2008,Lithuania,103,85
2008,Ukraine,99,86
2008,Malawi,94,87
2008,Uganda,90,88
2008,Uzbekistan,90,88
2008,Kiribati,87,90
2008,Kazakhstan,85,91
2008,Greece,82,92
2008,Slovenia,76,93
2008,Solomon Islands,74,94
2008,Syria,71,95
2008,Serbia,63,96
2008,Latvia,60,97
2008,Iceland,58,98
2008,Afghanistan,57,99
2008,Estonia,56,100
2008,Gaza Strip and West Bank,52,101
2008,Croatia,47,102
2008,Ethiopia,46,103
2008,Albania,46,103
2008,"Korea, Democratic People's Republic of (North)",45,105
2008,Tonga,42,106
2008,El Salvador,35,107
2008,Bulgaria,33,108
2008,United Kingdom (Other),33,108
2008,Yugoslavia,30,110
2008,Sudan,29,111
2008,Morocco,26,112
2008,Mozambique,26,112
2008,Trinidad and Tobago,24,114
2008,Cameroon,23,115
2008,Malta,23,115
2008,Yemen,22,117
2008,Luxembourg,22,117
2008,Panama,22,117
2008,Cyprus,21,120
2008,Uruguay,21,120
2008,Paraguay,20,122
2008,Belarus,20,122
2008,Bosnia and Herzegovina,19,124
2008,Vanuatu,19,124
2008,Rwanda,18,126
2008,Guatemala,16,127
2008,Moldova,16,127
2008,Samoa,14,129
2008,Bolivia,14,129
2008,Azerbaijan,13,131
2008,Costa Rica,13,131
2008,Algeria,13,131
2008,Kyrgyzstan,12,134
2008,Namibia,12,134
2008,Tuvalu,11,136
2008,Armenia,11,136
2008,Madagascar,11,136
2008,Honduras,10,139
2008,Jamaica,10,139
2008,Liechtenstein,9,141
2008,Angola,9,141
2008,Dominican Republic,9,141
2008,"Congo, Republic of",9,141
2008,Barbados,8,145
2008,Guinea,8,145
2008,Cuba,7,147
2008,Eritrea,7,147
2008,Nicaragua,6,149
2008,Burundi,6,149
2008,Sierra Leone,5,151
2008,Tajikistan,5,151
2008,Tunisia,5,151
2008,Swaziland,5,151
2008,Bahamas,5,151
2008,Reunion,5,151
2008,"Congo, Democratic Republic of",4,157
2008,Montenegro,4,157
2008,Lesotho,4,157
2008,British Indian Ocean Territory,4,157
2008,Belize,4,157
2008,Liberia,4,157
2008,New Caledonia,3,163
2008,Cote d'Ivoire,3,163
2008,Monaco,3,163
2008,Georgia,3,163
2008,Kosovo,2,167
2008,Burkina Faso,2,167
2008,Senegal,2,167
2008,French Polynesia,2,167
2008,St Lucia,2,167
2008,United States (Territories),2,167
2008,St Vincent and the Grenadines,2,167
2008,Somalia,2,167
2008,Togo,1,175
2008,St Kitts and Nevis,1,175
2008,Nauru,1,175
2008,Dominica,1,175
2008,Suriname,1,175
2008,Antigua and Barbuda,1,175
2008,Andorra,1,175
2008,Benin,1,175
2008,Puerto Rico,1,175
2008,Guinea-Bissau,1,175
2008,Chad,1,175
2008,Turkmenistan,1,175
2008,Guyana,1,175
2008,Mauritania,1,175
2008,Haiti,1,175
2008,"Micronesia, Federated States of",1,175
2008,Palau,1,175
2008,Netherlands Antilles,1,175
2008,Zaire,1,175
2009,China,153804,1
2009,India,120555,2
2009,"Korea, Republic of (South)",35801,3
2009,Thailand,26460,4
2009,Nepal,24576,5
2009,Vietnam,23763,6
2009,Malaysia,23154,7
2009,Indonesia,17847,8
2009,Brazil,17640,9
2009,Japan,12637,10
2009,Saudi Arabia,12497,11
2009,Hong Kong SAR,12215,12
2009,United States of America,10813,13
2009,Colombia,9899,14
2009,Singapore,9415,15
2009,Taiwan,8990,16
2009,Sri Lanka,8623,17
2009,Pakistan,7599,18
2009,Bangladesh,7214,19
2009,Germany,6350,20
2009,United Kingdom,5464,21
2009,Mauritius,5246,22
2009,Canada,4900,23
2009,France,4426,24
2009,Philippines,3954,25
2009,Czech Republic,2661,26
2009,Turkiye,2620,27
2009,Iran,2340,28
2009,Poland,2320,29
2009,Egypt,2241,30
2009,Peru,2241,30
2009,Zimbabwe,2210,32
2009,Kenya,2202,33
2009,Norway,2199,34
2009,Italy,2022,35
2009,Sweden,1903,36
2009,United Arab Emirates,1721,37
2009,Chile,1604,38
2009,Switzerland,1602,39
2009,Slovakia,1597,40
2009,Mexico,1533,41
2009,Spain,1268,42
2009,Russian Federation,1263,43
2009,Hungary,1249,44
2009,Lebanon,1157,45
2009,Belgium,1034,46
2009,Myanmar,1021,47
2009,Netherlands,909,48
2009,Portugal,905,49
2009,Zambia,881,50
2009,Jordan,876,51
2009,South Africa,873,52
2009,Denmark,751,53
2009,Oman,733,54
2009,Papua New Guinea,677,55
2009,Brunei Darussalam,630,56
2009,Israel,626,57
2009,Other,572,58
2009,Macau,565,59
2009,Cambodia,558,60
2009,Venezuela,529,61
2009,Ireland,519,62
2009,Fiji,469,63
2009,Austria,466,64
2009,Botswana,417,65
2009,Mongolia,396,66
2009,Libya,384,67
2009,Finland,360,68
2009,Nigeria,320,69
2009,Bahrain,302,70
2009,Laos,261,71
2009,Kuwait,251,72
2009,Iraq,243,73
2009,Bhutan,231,74
2009,Romania,210,75
2009,Argentina,209,76
2009,Maldives,204,77
2009,Tanzania,194,78
2009,North Macedonia,189,79
2009,Ecuador,170,80
2009,Timor-Leste,148,81
2009,Ghana,130,82
2009,Seychelles,129,83
2009,Ukraine,123,84
2009,Qatar,118,85
2009,Kiribati,106,86
2009,Slovenia,103,87
2009,Uzbekistan,102,88
2009,Malawi,101,89
2009,Kazakhstan,100,90
2009,Lithuania,99,91
2009,Syria,94,92
2009,Uganda,90,93
2009,Solomon Islands,90,93
2009,Greece,89,95
2009,Serbia,88,96
2009,Latvia,82,97
2009,Afghanistan,81,98
2009,El Salvador,76,99
2009,Estonia,69,100
2009,Gaza Strip and West Bank,68,101
2009,Bulgaria,65,102
2009,Albania,61,103
2009,Croatia,51,104
2009,Iceland,50,105
2009,Ethiopia,47,106
2009,Bosnia and Herzegovina,41,107
2009,"Korea, Democratic People's Republic of (North)",39,108
2009,Tonga,37,109
2009,Sudan,36,110
2009,Yemen,34,111
2009,Vanuatu,30,112
2009,Trinidad and Tobago,27,113
2009,Panama,27,113
2009,Cameroon,26,115
2009,Uruguay,26,115
2009,Guatemala,26,115
2009,Luxembourg,25,118
2009,Mozambique,23,119
2009,Morocco,22,120
2009,Azerbaijan,22,120
2009,Bolivia,22,120
2009,Malta,21,123
2009,Yugoslavia,21,123
2009,Cyprus,19,125
2009,Moldova,19,125
2009,Cuba,14,127
2009,Belarus,14,127
2009,Tuvalu,12,129
2009,Jamaica,12,129
2009,Samoa,11,131
2009,Costa Rica,11,131
2009,United Kingdom (Other),11,131
2009,Kyrgyzstan,10,134
2009,Guinea,10,134
2009,Namibia,10,134
2009,Rwanda,10,134
2009,"Congo, Republic of",10,134
2009,Liechtenstein,9,139
2009,Algeria,9,139
2009,Honduras,8,141
2009,Angola,8,141
2009,"Congo, Democratic Republic of",8,141
2009,Nicaragua,8,141
2009,Montenegro,8,141
2009,Armenia,8,141
2009,Lesotho,8,141
2009,Madagascar,8,141
2009,Paraguay,7,149
2009,Barbados,7,149
2009,Tajikistan,7,149
2009,Dominican Republic,6,152
2009,Sierra Leone,6,152
2009,Georgia,6,152
2009,Senegal,5,155
2009,Reunion,5,155
2009,Belize,5,155
2009,Monaco,4,158
2009,Eritrea,4,158
2009,Tunisia,4,158
2009,Bahamas,4,158
2009,Burundi,4,158
2009,French Polynesia,4,158
2009,Kosovo,3,164
2009,Cote d'Ivoire,3,164
2009,Swaziland,3,164
2009,British Indian Ocean Territory,3,164
2009,Liberia,3,164
2009,Guyana,3,164
2009,Suriname,2,170
2009,Antigua and Barbuda,2,170
2009,Benin,2,170
2009,Turkmenistan,2,170
2009,Haiti,2,170
2009,St Vincent and the Grenadines,2,170
2009,Somalia,2,170
2009,St Kitts and Nevis,1,177
2009,Burkina Faso,1,177
2009,Andorra,1,177
2009,Puerto Rico,1,177
2009,Guinea-Bissau,1,177
2009,St Lucia,1,177
2009,San Marino,1,177
2009,Palau,1,177
2009,Zaire,1,177
2010,China,161028,1
2010,India,99554,2
2010,"Korea, Republic of (South)",33795,3
2010,Vietnam,25618,4
2010,Thailand,24832,5
2010,Malaysia,23238,6
2010,Nepal,21918,7
2010,Indonesia,18299,8
2010,Brazil,16018,9
2010,Saudi Arabia,13179,10
2010,Hong Kong SAR,12758,11
2010,Japan,11797,12
2010,United States of America,10527,13
2010,Colombia,10026,14
2010,Singapore,9595,15
2010,Taiwan,8397,16
2010,Pakistan,8390,17
2010,Sri Lanka,7742,18
2010,Bangladesh,6826,19
2010,Germany,6554,20
2010,United Kingdom,5726,21
2010,Philippines,4784,22
2010,Canada,4774,23
2010,France,4741,24
2010,Mauritius,4338,25
2010,Turkiye,2934,26
2010,Iran,2882,27
2010,Czech Republic,2730,28
2010,Poland,2426,29
2010,Italy,2358,30
2010,Norway,2311,31
2010,Peru,2262,32
2010,Kenya,2154,33
2010,Sweden,1903,34
2010,Zimbabwe,1869,35
2010,Spain,1712,36
2010,Chile,1704,37
2010,Egypt,1670,38
2010,United Arab Emirates,1665,39
2010,Switzerland,1593,40
2010,Mexico,1576,41
2010,Slovakia,1574,42
2010,Russian Federation,1349,43
2010,Myanmar,1204,44
2010,Lebanon,1185,45
2010,Hungary,1164,46
2010,Portugal,966,47
2010,South Africa,941,48
2010,Belgium,917,49
2010,Libya,892,50
2010,Netherlands,884,51
2010,Venezuela,854,52
2010,Ireland,823,53
2010,Denmark,818,54
2010,Zambia,805,55
2010,Papua New Guinea,804,56
2010,Oman,769,57
2010,Jordan,725,58
2010,Kuwait,650,59
2010,Macau,647,60
2010,Cambodia,624,61
2010,Israel,609,62
2010,Brunei Darussalam,574,63
2010,Other,496,64
2010,Fiji,472,65
2010,Austria,471,66
2010,Mongolia,422,67
2010,Nigeria,407,68
2010,Finland,397,69
2010,Laos,325,70
2010,Bhutan,323,71
2010,Botswana,315,72
2010,Iraq,303,73
2010,Bahrain,299,74
2010,North Macedonia,270,75
2010,Argentina,269,76
2010,Romania,210,77
2010,Maldives,199,78
2010,Lithuania,197,79
2010,Ecuador,195,80
2010,Tanzania,187,81
2010,Timor-Leste,165,82
2010,Kazakhstan,146,83
2010,Ukraine,138,84
2010,Solomon Islands,135,85
2010,Kiribati,125,86
2010,Estonia,124,87
2010,Syria,124,87
2010,Ghana,121,89
2010,Malawi,116,90
2010,Greece,109,91
2010,El Salvador,109,91
2010,Latvia,105,93
2010,Serbia,104,94
2010,Slovenia,101,95
2010,Uzbekistan,101,95
2010,Seychelles,89,97
2010,Afghanistan,87,98
2010,Qatar,84,99
2010,Uganda,79,100
2010,Bulgaria,75,101
2010,Gaza Strip and West Bank,68,102
2010,Ethiopia,63,103
2010,Albania,60,104
2010,Croatia,59,105
2010,Sudan,40,106
2010,Tonga,40,106
2010,Vanuatu,39,108
2010,Iceland,38,109
2010,Bosnia and Herzegovina,32,110
2010,Yemen,30,111
2010,"Korea, Democratic People's Republic of (North)",30,111
2010,Guatemala,30,111
2010,Luxembourg,29,114
2010,Bolivia,29,114
2010,Costa Rica,28,116
2010,Uruguay,26,117
2010,Trinidad and Tobago,25,118
2010,Panama,24,119
2010,Cameroon,23,120
2010,Morocco,21,121
2010,Mozambique,20,122
2010,Azerbaijan,19,123
2010,Belarus,19,123
2010,Angola,17,125
2010,Cyprus,16,126
2010,Samoa,16,126
2010,Yugoslavia,16,126
2010,Malta,15,129
2010,Rwanda,15,129
2010,Cuba,14,131
2010,Jamaica,13,132
2010,Paraguay,12,133
2010,Liechtenstein,12,133
2010,Kyrgyzstan,12,133
2010,Namibia,12,133
2010,Moldova,12,133
2010,Madagascar,12,133
2010,Barbados,10,139
2010,"Congo, Republic of",10,139
2010,United Kingdom (Other),9,141
2010,Nicaragua,9,141
2010,Algeria,8,143
2010,Belize,8,143
2010,Liberia,8,143
2010,Honduras,7,146
2010,Tuvalu,7,146
2010,"Congo, Democratic Republic of",7,146
2010,Armenia,7,146
2010,Kosovo,6,150
2010,Dominican Republic,6,150
2010,Tajikistan,6,150
2010,Monaco,6,150
2010,Eritrea,6,150
2010,Guinea,6,150
2010,Tunisia,6,150
2010,Montenegro,6,150
2010,Georgia,6,150
2010,New Caledonia,5,159
2010,French Polynesia,5,159
2010,Suriname,4,161
2010,Andorra,4,161
2010,Lesotho,4,161
2010,Cote d'Ivoire,3,164
2010,Sierra Leone,3,164
2010,Senegal,3,164
2010,Grenada,3,164
2010,Guyana,3,164
2010,Nauru,2,169
2010,Swaziland,2,169
2010,Bahamas,2,169
2010,Benin,2,169
2010,Burundi,2,169
2010,Gambia,2,169
2010,Togo,1,175
2010,Burkina Faso,1,175
2010,Dominica,1,175
2010,Antigua and Barbuda,1,175
2010,Reunion,1,175
2010,Puerto Rico,1,175
2010,British Indian Ocean Territory,1,175
2010,Guinea-Bissau,1,175
2010,Turkmenistan,1,175
2010,St Lucia,1,175
2010,San Marino,1,175
2010,Haiti,1,175
2010,Palau,1,175
2010,St Vincent and the Grenadines,1,175
2010,Somalia,1,175
2010,Zaire,1,175
2011,China,150114,1
2011,India,72034,2
2011,"Korea, Republic of (South)",29670,3
2011,Vietnam,23570,4
2011,Malaysia,22765,5
2011,Thailand,21562,6
2011,Indonesia,17841,7
2011,Nepal,17573,8
2011,Brazil,15238,9
2011,Hong Kong SAR,12638,10
2011,Saudi Arabia,11612,11
2011,Japan,10990,12
2011,United States of America,10362,13
2011,Pakistan,9569,14
2011,Singapore,9477,15
2011,Colombia,8874,16
2011,Taiwan,7560,17
2011,Sri Lanka,6456,18
2011,Bangladesh,6133,19
2011,Philippines,5767,20
2011,Germany,5548,21
2011,United Kingdom,5507,22
2011,Canada,4666,23
2011,France,4382,24
2011,Iran,3206,25
2011,Mauritius,3113,26
2011,Italy,2876,27
2011,Turkiye,2430,28
2011,Norway,2324,29
2011,Czech Republic,2261,30
2011,Poland,2239,31
2011,Spain,2116,32
2011,Peru,1980,33
2011,Chile,1976,34
2011,Kenya,1859,35
2011,Sweden,1804,36
2011,Mexico,1585,37
2011,Slovakia,1563,38
2011,Switzerland,1517,39
2011,Russian Federation,1466,40
2011,United Arab Emirates,1342,41
2011,Zimbabwe,1324,42
2011,Libya,1273,43
2011,Ireland,1187,44
2011,Egypt,1172,45
2011,Myanmar,1119,46
2011,Lebanon,1069,47
2011,Venezuela,1063,48
2011,Papua New Guinea,998,49
2011,Kuwait,998,49
2011,Portugal,976,51
2011,Hungary,911,52
2011,South Africa,910,53
2011,Denmark,828,54
2011,Belgium,810,55
2011,Netherlands,784,56
2011,Macau,739,57
2011,Oman,700,58
2011,Zambia,690,59
2011,Cambodia,680,60
2011,Jordan,637,61
2011,Israel,529,62
2011,Brunei Darussalam,513,63
2011,Austria,459,64
2011,Nigeria,456,65
2011,Fiji,421,66
2011,Mongolia,400,67
2011,Other,395,68
2011,Bhutan,353,69
2011,North Macedonia,340,70
2011,Finland,337,71
2011,Iraq,308,72
2011,Laos,294,73
2011,Argentina,281,74
2011,Lithuania,263,75
2011,Botswana,247,76
2011,Greece,238,77
2011,Bahrain,225,78
2011,Timor-Leste,202,79
2011,Romania,182,80
2011,Ecuador,176,81
2011,Tanzania,169,82
2011,Estonia,169,82
2011,Maldives,166,84
2011,Kazakhstan,156,85
2011,Ukraine,148,86
2011,Solomon Islands,132,87
2011,Syria,126,88
2011,Ghana,121,89
2011,Slovenia,120,90
2011,Malawi,110,91
2011,Latvia,104,92
2011,Serbia,103,93
2011,El Salvador,96,94
2011,Bulgaria,96,94
2011,Kiribati,88,96
2011,Qatar,84,97
2011,Uzbekistan,82,98
2011,Uganda,79,99
2011,Ethiopia,78,100
2011,Croatia,76,101
2011,Seychelles,74,102
2011,Gaza Strip and West Bank,64,103
2011,Afghanistan,63,104
2011,Albania,52,105
2011,Tonga,40,106
2011,Bosnia and Herzegovina,37,107
2011,Sudan,35,108
2011,Belarus,33,109
2011,Uruguay,33,109
2011,Vanuatu,32,111
2011,Iceland,28,112
2011,Azerbaijan,26,113
2011,Yemen,26,113
2011,Bolivia,26,113
2011,Mozambique,25,116
2011,Morocco,24,117
2011,Costa Rica,22,118
2011,Guatemala,22,118
2011,Luxembourg,22,118
2011,Cyprus,21,121
2011,Trinidad and Tobago,20,122
2011,"Korea, Democratic People's Republic of (North)",20,122
2011,Panama,19,124
2011,Cameroon,18,125
2011,Rwanda,15,126
2011,Cuba,12,127
2011,Angola,12,127
2011,Kyrgyzstan,12,127
2011,Malta,12,127
2011,Jamaica,12,127
2011,Paraguay,11,132
2011,Samoa,11,132
2011,Honduras,10,134
2011,Yugoslavia,10,134
2011,Guinea,10,134
2011,Namibia,10,134
2011,Liberia,10,134
2011,Liechtenstein,9,139
2011,United Kingdom (Other),9,139
2011,Armenia,9,139
2011,Dominican Republic,8,142
2011,Tunisia,8,142
2011,Montenegro,8,142
2011,Moldova,8,142
2011,"Congo, Democratic Republic of",6,146
2011,Barbados,6,146
2011,Algeria,6,146
2011,Tajikistan,6,146
2011,Monaco,6,146
2011,Bahamas,6,146
2011,"Congo, Republic of",6,146
2011,Madagascar,6,146
2011,Belize,6,146
2011,Kosovo,5,155
2011,Tuvalu,5,155
2011,Swaziland,5,155
2011,Burundi,5,155
2011,New Caledonia,4,159
2011,Cote d'Ivoire,4,159
2011,Andorra,4,159
2011,Haiti,4,159
2011,Eritrea,3,163
2011,Nicaragua,3,163
2011,Senegal,3,163
2011,Reunion,3,163
2011,Lesotho,3,163
2011,Gabon,3,163
2011,San Marino,3,163
2011,Palau,3,163
2011,Nauru,2,171
2011,Dominica,2,171
2011,Sierra Leone,2,171
2011,Gambia,2,171
2011,Georgia,2,171
2011,French Polynesia,2,171
2011,Turkmenistan,2,171
2011,Grenada,2,171
2011,Somalia,2,171
2011,St Kitts and Nevis,1,180
2011,Burkina Faso,1,180
2011,Suriname,1,180
2011,Antigua and Barbuda,1,180
2011,Benin,1,180
2011,British Indian Ocean Territory,1,180
2011,Guinea-Bissau,1,180
2011,Guyana,1,180
2011,Zaire,1,180
2012,China,139591,1
2012,India,53859,2
2012,"Korea, Republic of (South)",27491,3
2012,Vietnam,22408,4
2012,Malaysia,21490,5
2012,Thailand,20075,6
2012,Indonesia,17435,7
2012,Brazil,14990,8
2012,Nepal,13941,9
2012,Hong Kong SAR,12081,10
2012,Pakistan,11161,11
2012,Japan,11024,12
2012,Saudi Arabia,10983,13
2012,Colombia,10068,14
2012,United States of America,9576,15
2012,Singapore,9152,16
2012,Taiwan,7165,17
2012,Philippines,6937,18
2012,Bangladesh,5866,19
2012,Sri Lanka,5553,20
2012,United Kingdom,5262,21
2012,Germany,4599,22
2012,Canada,4451,23
2012,France,4071,24
2012,Italy,3906,25
2012,Iran,3398,26
2012,Spain,3076,27
2012,Mauritius,2353,28
2012,Norway,2230,29
2012,Czech Republic,2223,30
2012,Chile,2012,31
2012,Poland,2010,32
2012,Turkiye,1982,33
2012,Peru,1769,34
2012,Sweden,1703,35
2012,Kenya,1678,36
2012,Russian Federation,1622,37
2012,Kuwait,1590,38
2012,Mexico,1567,39
2012,Slovakia,1492,40
2012,Switzerland,1441,41
2012,Papua New Guinea,1264,42
2012,Ireland,1213,43
2012,Portugal,1053,44
2012,United Arab Emirates,1037,45
2012,Myanmar,1020,46
2012,Libya,1008,47
2012,Greece,957,48
2012,Venezuela,921,49
2012,Lebanon,899,50
2012,Zimbabwe,894,51
2012,Hungary,884,52
2012,Egypt,821,53
2012,Netherlands,797,54
2012,Denmark,790,55
2012,South Africa,782,56
2012,Cambodia,745,57
2012,Macau,736,58
2012,Oman,719,59
2012,Belgium,666,60
2012,Jordan,658,61
2012,Zambia,573,62
2012,Nigeria,516,63
2012,Mongolia,498,64
2012,Brunei Darussalam,435,65
2012,Austria,422,66
2012,Israel,408,67
2012,Bhutan,406,68
2012,Iraq,398,69
2012,Fiji,385,70
2012,North Macedonia,340,71
2012,Laos,284,72
2012,Other,283,73
2012,Argentina,279,74
2012,Lithuania,274,75
2012,Ecuador,273,76
2012,Finland,251,77
2012,Estonia,215,78
2012,Botswana,201,79
2012,Timor-Leste,193,80
2012,Kazakhstan,183,81
2012,Solomon Islands,168,82
2012,Tanzania,154,83
2012,Ukraine,151,84
2012,Bahrain,149,85
2012,Romania,148,86
2012,Ghana,145,87
2012,Slovenia,143,88
2012,Bulgaria,135,89
2012,Maldives,135,89
2012,Serbia,104,91
2012,Latvia,102,92
2012,Uganda,94,93
2012,Malawi,94,93
2012,Ethiopia,93,95
2012,Croatia,86,96
2012,Syria,79,97
2012,El Salvador,75,98
2012,Uzbekistan,71,99
2012,Afghanistan,69,100
2012,Kiribati,64,101
2012,Albania,58,102
2012,Seychelles,56,103
2012,Gaza Strip and West Bank,54,104
2012,Qatar,52,105
2012,Tonga,47,106
2012,Bosnia and Herzegovina,37,107
2012,Vanuatu,34,108
2012,Belarus,33,109
2012,Azerbaijan,30,110
2012,Sudan,30,110
2012,Uruguay,30,110
2012,Costa Rica,30,110
2012,Morocco,26,114
2012,Iceland,26,114
2012,Mozambique,24,116
2012,Cyprus,24,116
2012,Yemen,24,116
2012,Bolivia,23,119
2012,Luxembourg,18,120
2012,Malta,18,120
2012,Cameroon,16,122
2012,Trinidad and Tobago,16,122
2012,Paraguay,15,124
2012,Panama,15,124
2012,Guatemala,14,126
2012,Namibia,14,126
2012,Liberia,14,126
2012,Rwanda,13,129
2012,Angola,12,130
2012,"Korea, Democratic People's Republic of (North)",12,130
2012,Cuba,11,132
2012,Kyrgyzstan,10,133
2012,Honduras,9,134
2012,Jamaica,9,134
2012,Armenia,9,134
2012,"Congo, Republic of",9,134
2012,Liechtenstein,8,138
2012,Samoa,8,138
2012,Moldova,8,138
2012,Kosovo,7,141
2012,Dominican Republic,7,141
2012,Guinea,7,141
2012,Tunisia,7,141
2012,Montenegro,7,141
2012,Madagascar,7,141
2012,"Congo, Democratic Republic of",6,147
2012,Sierra Leone,6,147
2012,Gambia,6,147
2012,New Caledonia,5,150
2012,United Kingdom (Other),5,150
2012,Barbados,5,150
2012,Algeria,5,150
2012,Burundi,5,150
2012,Georgia,5,150
2012,Turkmenistan,5,150
2012,St Kitts and Nevis,4,157
2012,Tajikistan,4,157
2012,Monaco,4,157
2012,Yugoslavia,4,157
2012,Andorra,4,157
2012,Senegal,4,157
2012,Bahamas,4,157
2012,Reunion,4,157
2012,San Marino,4,157
2012,Tuvalu,3,166
2012,Burkina Faso,3,166
2012,Eritrea,3,166
2012,Belize,3,166
2012,Gabon,3,166
2012,Grenada,3,166
2012,Haiti,3,166
2012,Cote d'Ivoire,2,173
2012,Lesotho,2,173
2012,Guinea-Bissau,2,173
2012,Guyana,2,173
2012,Palau,2,173
2012,Nauru,1,178
2012,Dominica,1,178
2012,Suriname,1,178
2012,Nicaragua,1,178
2012,Swaziland,1,178
2012,Benin,1,178
2012,British Indian Ocean Territory,1,178
2012,French Polynesia,1,178
2012,Mauritania,1,178
2012,St Vincent and the Grenadines,1,178
2012,Somalia,1,178
2012,Djibouti,1,178
2012,Zaire,1,178
2013,China,138617,1
2013,India,48820,2
2013,"Korea, Republic of (South)",27350,3
2013,Vietnam,25891,4
2013,Thailand,21574,5
2013,Malaysia,21132,6
2013,Brazil,17423,7
2013,Indonesia,17105,8
2013,Nepal,14231,9
2013,Hong Kong SAR,12926,10
2013,Pakistan,12696,11
2013,Colombia,11901,12
2013,Japan,11478,13
2013,Saudi Arabia,10151,14
2013,United States of America,9516,15
2013,Singapore,8844,16
2013,Philippines,8812,17
2013,Taiwan,8165,18
2013,United Kingdom,5534,19
2013,Bangladesh,5435,20
2013,Italy,5324,21
2013,Sri Lanka,5246,22
2013,Germany,4489,23
2013,Canada,4273,24
2013,Spain,4272,25
2013,France,4037,26
2013,Iran,3255,27
2013,Czech Republic,2617,28
2013,Poland,2063,29
2013,Norway,2042,30
2013,Mauritius,2020,31
2013,Chile,2020,31
2013,Sweden,1793,33
2013,Turkiye,1792,34
2013,Kenya,1780,35
2013,Mexico,1745,36
2013,Russian Federation,1735,37
2013,Kuwait,1686,38
2013,Peru,1625,39
2013,Greece,1609,40
2013,Slovakia,1500,41
2013,Switzerland,1378,42
2013,Papua New Guinea,1358,43
2013,Ireland,1240,44
2013,Portugal,1200,45
2013,Myanmar,1013,46
2013,Cambodia,975,47
2013,Hungary,954,48
2013,Venezuela,940,49
2013,Lebanon,900,50
2013,United Arab Emirates,888,51
2013,Zimbabwe,830,52
2013,Nigeria,811,53
2013,Netherlands,781,54
2013,Denmark,778,55
2013,Jordan,764,56
2013,Oman,730,57
2013,South Africa,725,58
2013,Macau,707,59
2013,Libya,692,60
2013,Mongolia,645,61
2013,Iraq,644,62
2013,Bhutan,642,63
2013,Belgium,606,64
2013,Egypt,582,65
2013,Ecuador,557,66
2013,Zambia,536,67
2013,Austria,420,68
2013,Brunei Darussalam,393,69
2013,Lithuania,391,70
2013,North Macedonia,374,71
2013,Fiji,365,72
2013,Laos,301,73
2013,Estonia,293,74
2013,Finland,285,75
2013,Israel,283,76
2013,Argentina,280,77
2013,Bulgaria,272,78
2013,Ukraine,244,79
2013,Kazakhstan,215,80
2013,Slovenia,208,81
2013,Other,193,82
2013,Ghana,179,83
2013,Botswana,173,84
2013,Timor-Leste,170,85
2013,Tanzania,164,86
2013,Solomon Islands,164,86
2013,Romania,156,88
2013,Serbia,146,89
2013,Maldives,129,90
2013,Bahrain,112,91
2013,Croatia,111,92
2013,Uganda,109,93
2013,Ethiopia,97,94
2013,Malawi,94,95
2013,Latvia,88,96
2013,Albania,80,97
2013,El Salvador,80,97
2013,Uzbekistan,77,99
2013,Qatar,56,100
2013,Afghanistan,51,101
2013,Seychelles,51,101
2013,Bosnia and Herzegovina,48,103
2013,Gaza Strip and West Bank,47,104
2013,Cyprus,46,105
2013,Syria,42,106
2013,Azerbaijan,39,107
2013,Iceland,39,107
2013,Bolivia,38,109
2013,Belarus,36,110
2013,Tonga,36,110
2013,Vanuatu,35,112
2013,Costa Rica,35,112
2013,Morocco,34,114
2013,Sudan,33,115
2013,Kiribati,32,116
2013,Mozambique,29,117
2013,Cameroon,28,118
2013,Uruguay,25,119
2013,Luxembourg,23,120
2013,Yemen,22,121
2013,Trinidad and Tobago,21,122
2013,Armenia,20,123
2013,Moldova,17,124
2013,Andorra,15,125
2013,Rwanda,15,125
2013,Kosovo,14,127
2013,"Korea, Democratic People's Republic of (North)",14,127
2013,Samoa,14,127
2013,Paraguay,13,130
2013,Cuba,13,130
2013,Algeria,13,130
2013,Malta,13,130
2013,Panama,13,130
2013,Jamaica,13,130
2013,Guatemala,11,136
2013,"Congo, Democratic Republic of",10,137
2013,Kyrgyzstan,10,137
2013,Tunisia,10,137
2013,Honduras,9,140
2013,Namibia,9,140
2013,Liberia,9,140
2013,Angola,8,143
2013,Sierra Leone,8,143
2013,Eritrea,8,143
2013,Guinea,8,143
2013,Georgia,8,143
2013,"Congo, Republic of",8,143
2013,Tajikistan,7,149
2013,Madagascar,7,149
2013,United Kingdom (Other),6,151
2013,Montenegro,6,151
2013,Gambia,6,151
2013,Turkmenistan,6,151
2013,Barbados,5,155
2013,Nicaragua,5,155
2013,Dominican Republic,4,157
2013,Senegal,4,157
2013,Lesotho,4,157
2013,Gabon,4,157
2013,San Marino,4,157
2013,Niger,4,157
2013,St Kitts and Nevis,3,163
2013,Burkina Faso,3,163
2013,Monaco,3,163
2013,Yugoslavia,3,163
2013,Bahamas,3,163
2013,Burundi,3,163
2013,Belize,3,163
2013,Grenada,3,163
2013,New Caledonia,2,171
2013,Liechtenstein,2,171
2013,Cote d'Ivoire,2,171
2013,Tuvalu,2,171
2013,Nauru,2,171
2013,Swaziland,2,171
2013,Reunion,2,171
2013,"Samoa, American",2,171
2013,Equatorial Guinea,2,171
2013,Zaire,2,171
2013,Togo,1,181
2013,Dominica,1,181
2013,Suriname,1,181
2013,Benin,1,181
2013,Puerto Rico,1,181
2013,Guinea-Bissau,1,181
2013,Guyana,1,181
2013,St Lucia,1,181
2013,St Vincent and the Grenadines,1,181
2013,Somalia,1,181
2013,Djibouti,1,181
2014,China,150768,1
2014,India,62747,2
2014,Vietnam,29927,3
2014,"Korea, Republic of (South)",27722,4
2014,Thailand,25384,5
2014,Brazil,21993,6
2014,Malaysia,21958,7
2014,Nepal,18077,8
2014,Indonesia,17898,9
2014,Pakistan,14518,10
2014,Hong Kong SAR,14511,11
2014,Colombia,12546,12
2014,Japan,11885,13
2014,Philippines,10653,14
2014,Saudi Arabia,10226,15
2014,Taiwan,10119,16
2014,United States of America,9543,17
2014,Singapore,8502,18
2014,Italy,7559,19
2014,United Kingdom,5964,20
2014,Sri Lanka,5780,21
2014,Bangladesh,5420,22
2014,Spain,5146,23
2014,Germany,4848,24
2014,France,4392,25
2014,Canada,4241,26
2014,Iran,3182,27
2014,Czech Republic,2833,28
2014,Chile,2334,29
2014,Poland,2261,30
2014,Kenya,2126,31
2014,Mexico,2101,32
2014,Norway,2076,33
2014,Mauritius,2051,34
2014,Sweden,1936,35
2014,Russian Federation,1813,36
2014,Turkiye,1758,37
2014,Greece,1701,38
2014,Kuwait,1612,39
2014,Slovakia,1560,40
2014,Peru,1523,41
2014,Switzerland,1413,42
2014,Papua New Guinea,1403,43
2014,Nigeria,1368,44
2014,Ireland,1226,45
2014,Cambodia,1212,46
2014,Portugal,1204,47
2014,Venezuela,1183,48
2014,Iraq,1134,49
2014,Bhutan,1116,50
2014,Myanmar,1055,51
2014,Lebanon,949,52
2014,Mongolia,908,53
2014,Zimbabwe,898,54
2014,Ecuador,892,55
2014,Oman,869,56
2014,Hungary,838,57
2014,Netherlands,821,58
2014,Denmark,811,59
2014,Macau,790,60
2014,Jordan,752,61
2014,South Africa,705,62
2014,United Arab Emirates,697,63
2014,Belgium,566,64
2014,Lithuania,563,65
2014,Zambia,539,66
2014,Egypt,490,67
2014,North Macedonia,442,68
2014,Austria,439,69
2014,Estonia,402,70
2014,Brunei Darussalam,394,71
2014,Bulgaria,374,72
2014,Argentina,358,73
2014,Fiji,355,74
2014,Finland,338,75
2014,Laos,333,76
2014,Libya,307,77
2014,Ukraine,301,78
2014,Ghana,262,79
2014,Israel,250,80
2014,Slovenia,220,81
2014,Timor-Leste,202,82
2014,Kazakhstan,200,83
2014,Other,169,84
2014,Serbia,168,85
2014,Tanzania,166,86
2014,Romania,161,87
2014,Solomon Islands,158,88
2014,Uganda,149,89
2014,Maldives,147,90
2014,Ethiopia,134,91
2014,Botswana,134,91
2014,Croatia,127,93
2014,Albania,106,94
2014,Uzbekistan,104,95
2014,Cyprus,99,96
2014,Latvia,98,97
2014,Bahrain,96,98
2014,Bosnia and Herzegovina,80,99
2014,Malawi,80,99
2014,El Salvador,79,101
2014,Azerbaijan,76,102
2014,Qatar,58,103
2014,Afghanistan,47,104
2014,Seychelles,47,104
2014,Belarus,46,106
2014,Morocco,45,107
2014,Iceland,44,108
2014,Syria,41,109
2014,Vanuatu,39,110
2014,Gaza Strip and West Bank,38,111
2014,Costa Rica,37,112
2014,Cameroon,35,113
2014,Bolivia,35,113
2014,Tonga,35,113
2014,Uruguay,31,116
2014,Luxembourg,31,116
2014,Trinidad and Tobago,29,118
2014,Rwanda,29,118
2014,Paraguay,28,120
2014,Mozambique,28,120
2014,Sudan,26,122
2014,Tunisia,23,123
2014,Cuba,22,124
2014,Yemen,22,124
2014,Armenia,22,124
2014,Guatemala,20,127
2014,Jamaica,17,128
2014,"Congo, Democratic Republic of",14,129
2014,Algeria,13,130
2014,Andorra,13,130
2014,Sierra Leone,12,132
2014,Malta,12,132
2014,Turkmenistan,12,132
2014,Kosovo,11,135
2014,Angola,11,135
2014,Kiribati,11,135
2014,Honduras,10,138
2014,"Korea, Democratic People's Republic of (North)",10,138
2014,Dominican Republic,10,138
2014,Samoa,10,138
2014,Panama,10,138
2014,Nauru,9,143
2014,Eritrea,9,143
2014,Guinea,9,143
2014,Namibia,9,143
2014,Moldova,9,143
2014,Madagascar,9,143
2014,Kyrgyzstan,8,149
2014,Barbados,8,149
2014,Bahamas,8,149
2014,Liberia,8,149
2014,Liechtenstein,7,153
2014,United Kingdom (Other),7,153
2014,Nicaragua,6,155
2014,Swaziland,5,156
2014,Montenegro,5,156
2014,Senegal,5,156
2014,Gambia,5,156
2014,Georgia,5,156
2014,"Congo, Republic of",5,156
2014,Tajikistan,4,162
2014,Monaco,4,162
2014,Lesotho,4,162
2014,Gabon,4,162
2014,Guyana,4,162
2014,Cote d'Ivoire,3,167
2014,Yugoslavia,3,167
2014,Reunion,3,167
2014,Burundi,3,167
2014,San Marino,3,167
2014,Equatorial Guinea,3,167
2014,Togo,2,173
2014,St Kitts and Nevis,2,173
2014,Dominica,2,173
2014,Suriname,2,173
2014,Belize,2,173
2014,Niger,2,173
2014,Mauritania,2,173
2014,St Vincent and the Grenadines,2,173
2014,Gibraltar,2,173
2014,Djibouti,2,173
2014,Zaire,2,173
2014,New Caledonia,1,184
2014,Tuvalu,1,184
2014,Burkina Faso,1,184
2014,Benin,1,184
2014,Grenada,1,184
2014,"Samoa, American",1,184
2014,St Lucia,1,184
2014,St Helena,1,184
2014,Bermuda,1,184
2015,China,169623,1
2015,India,72034,2
2015,Vietnam,29302,3
2015,"Korea, Republic of (South)",28491,4
2015,Thailand,27631,5
2015,Brazil,24449,6
2015,Malaysia,24093,7
2015,Nepal,19687,8
2015,Indonesia,19260,9
2015,Hong Kong SAR,15951,10
2015,Pakistan,15850,11
2015,Colombia,13827,12
2015,Taiwan,13498,13
2015,Japan,12748,14
2015,Philippines,10881,15
2015,United States of America,10107,16
2015,Saudi Arabia,9944,17
2015,Italy,9524,18
2015,Singapore,8367,19
2015,United Kingdom,6662,20
2015,Sri Lanka,6635,21
2015,Bangladesh,5806,22
2015,Spain,5632,23
2015,Germany,4993,24
2015,France,4960,25
2015,Canada,4255,26
2015,Iran,2992,27
2015,Czech Republic,2872,28
2015,Chile,2667,29
2015,Kenya,2464,30
2015,Poland,2387,31
2015,Mexico,2375,32
2015,Mauritius,2166,33
2015,Norway,2132,34
2015,Sweden,1935,35
2015,Nigeria,1819,36
2015,Turkiye,1639,37
2015,Switzerland,1591,38
2015,Greece,1586,39
2015,Peru,1582,40
2015,Slovakia,1569,41
2015,Mongolia,1539,42
2015,Kuwait,1528,43
2015,Venezuela,1518,44
2015,Bhutan,1505,45
2015,Russian Federation,1505,45
2015,Cambodia,1490,47
2015,Papua New Guinea,1464,48
2015,Ireland,1189,49
2015,Portugal,1146,50
2015,Iraq,1117,51
2015,Myanmar,1092,52
2015,Oman,1089,53
2015,Zimbabwe,1075,54
2015,Netherlands,988,55
2015,Lebanon,978,56
2015,Macau,875,57
2015,Denmark,872,58
2015,Hungary,823,59
2015,Ecuador,817,60
2015,Jordan,716,61
2015,South Africa,713,62
2015,Lithuania,640,63
2015,United Arab Emirates,624,64
2015,Belgium,551,65
2015,Zambia,509,66
2015,Estonia,484,67
2015,Austria,462,68
2015,Argentina,450,69
2015,Egypt,431,70
2015,Bulgaria,425,71
2015,North Macedonia,399,72
2015,Brunei Darussalam,386,73
2015,Laos,380,74
2015,Fiji,375,75
2015,Ghana,375,75
2015,Finland,356,77
2015,Ukraine,303,78
2015,Israel,265,79
2015,Slovenia,242,80
2015,Maldives,176,81
2015,Tanzania,174,82
2015,Kazakhstan,174,82
2015,Uganda,169,84
2015,Serbia,164,85
2015,Romania,158,86
2015,Solomon Islands,156,87
2015,Timor-Leste,152,88
2015,Other,149,89
2015,Libya,149,89
2015,Ethiopia,135,91
2015,Croatia,128,92
2015,Botswana,112,93
2015,Albania,111,94
2015,Cyprus,109,95
2015,Uzbekistan,108,96
2015,Latvia,93,97
2015,Azerbaijan,92,98
2015,Bosnia and Herzegovina,89,99
2015,Malawi,78,100
2015,El Salvador,77,101
2015,Bahrain,77,101
2015,Morocco,53,103
2015,Iceland,49,104
2015,Cameroon,46,105
2015,Seychelles,45,106
2015,Uruguay,43,107
2015,Gaza Strip and West Bank,42,108
2015,Qatar,40,109
2015,Guatemala,39,110
2015,Bolivia,39,110
2015,Paraguay,36,112
2015,Belarus,36,112
2015,Costa Rica,36,112
2015,Mozambique,34,115
2015,Syria,34,115
2015,Sudan,33,117
2015,Afghanistan,31,118
2015,Vanuatu,30,119
2015,Rwanda,28,120
2015,Tonga,27,121
2015,Trinidad and Tobago,25,122
2015,Luxembourg,25,122
2015,Cuba,21,124
2015,"Congo, Democratic Republic of",20,125
2015,Armenia,20,125
2015,Yemen,17,127
2015,Tunisia,17,127
2015,Jamaica,16,129
2015,Nauru,15,130
2015,Honduras,13,131
2015,Andorra,13,131
2015,Panama,13,131
2015,Malta,12,134
2015,Namibia,12,134
2015,Dominican Republic,11,136
2015,Sierra Leone,11,136
2015,Kiribati,11,136
2015,Algeria,9,139
2015,Turkmenistan,9,139
2015,Kosovo,8,141
2015,Angola,8,141
2015,"Korea, Democratic People's Republic of (North)",8,141
2015,United Kingdom (Other),8,141
2015,Montenegro,8,141
2015,Madagascar,8,141
2015,Samoa,7,147
2015,Kyrgyzstan,7,147
2015,Barbados,7,147
2015,Guinea,7,147
2015,Burundi,7,147
2015,Lesotho,7,147
2015,Georgia,7,147
2015,"Congo, Republic of",7,147
2015,Eritrea,6,155
2015,Swaziland,6,155
2015,Gambia,6,155
2015,Liberia,6,155
2015,Gabon,6,155
2015,Cote d'Ivoire,5,160
2015,Nicaragua,5,160
2015,Bahamas,5,160
2015,Guyana,5,160
2015,Liechtenstein,4,164
2015,Burkina Faso,4,164
2015,Monaco,4,164
2015,Reunion,4,164
2015,Moldova,4,164
2015,Tuvalu,3,169
2015,Suriname,3,169
2015,Tajikistan,3,169
2015,St Lucia,3,169
2015,San Marino,3,169
2015,Dominica,2,174
2015,Antigua and Barbuda,2,174
2015,Senegal,2,174
2015,Puerto Rico,2,174
2015,Belize,2,174
2015,Grenada,2,174
2015,Mauritania,2,174
2015,Haiti,2,174
2015,St Vincent and the Grenadines,2,174
2015,Somalia,2,174
2015,Gibraltar,2,174
2015,Djibouti,2,174
2015,St Helena,2,174
2015,New Caledonia,1,187
2015,Togo,1,187
2015,St Kitts and Nevis,1,187
2015,Yugoslavia,1,187
2015,Benin,1,187
2015,Chad,1,187
2015,"Samoa, American",1,187
2015,Equatorial Guinea,1,187
2015,Netherlands Antilles,1,187
2015,Guadeloupe,1,187
2015,Bermuda,1,187
2015,Zaire,1,187
2016,China,195622,1
2016,India,77823,2
2016,"Korea, Republic of (South)",30368,3
2016,Thailand,30261,4
2016,Vietnam,29553,5
2016,Brazil,29213,6
2016,Malaysia,28284,7
2016,Nepal,22669,8
2016,Indonesia,19743,9
2016,Hong Kong SAR,17538,10
2016,Colombia,16994,11
2016,Taiwan,16430,12
2016,Pakistan,15613,13
2016,Japan,14529,14
2016,Philippines,11014,15
2016,United States of America,10845,16
2016,Italy,10621,17
2016,Singapore,8138,18
2016,Saudi Arabia,8004,19
2016,Sri Lanka,7984,20
2016,United Kingdom,7317,21
2016,Spain,6393,22
2016,Bangladesh,5904,23
2016,France,5561,24
2016,Germany,5292,25
2016,Canada,4324,26
2016,Chile,3263,27
2016,Kenya,3142,28
2016,Iran,2785,29
2016,Czech Republic,2686,30
2016,Mexico,2663,31
2016,Nigeria,2576,32
2016,Poland,2357,33
2016,Mauritius,2356,34
2016,Norway,2298,35
2016,Mongolia,2184,36
2016,Venezuela,2139,37
2016,Sweden,2008,38
2016,Turkiye,1867,39
2016,Bhutan,1844,40
2016,Cambodia,1792,41
2016,Switzerland,1730,42
2016,Peru,1592,43
2016,Papua New Guinea,1516,44
2016,Greece,1478,45
2016,Slovakia,1389,46
2016,Zimbabwe,1318,47
2016,Russian Federation,1292,48
2016,Kuwait,1289,49
2016,Oman,1272,50
2016,Myanmar,1244,51
2016,Netherlands,1217,52
2016,Portugal,1133,53
2016,Denmark,1045,54
2016,Ireland,1044,55
2016,Macau,1007,56
2016,Lebanon,932,57
2016,Hungary,829,58
2016,Iraq,788,59
2016,South Africa,729,60
2016,Lithuania,725,61
2016,Jordan,723,62
2016,Argentina,659,63
2016,United Arab Emirates,658,64
2016,Ecuador,607,65
2016,Belgium,579,66
2016,Estonia,549,67
2016,Ghana,511,68
2016,Zambia,509,69
2016,Austria,498,70
2016,Laos,494,71
2016,Egypt,431,72
2016,Brunei Darussalam,428,73
2016,Bulgaria,409,74
2016,North Macedonia,407,75
2016,Fiji,388,76
2016,Finland,372,77
2016,Ukraine,307,78
2016,Israel,282,79
2016,Slovenia,229,80
2016,Uganda,194,81
2016,Maldives,178,82
2016,Ethiopia,176,83
2016,Kazakhstan,175,84
2016,Tanzania,171,85
2016,Serbia,170,86
2016,Solomon Islands,162,87
2016,Uzbekistan,148,88
2016,Croatia,147,89
2016,Other,141,90
2016,Romania,140,91
2016,Timor-Leste,129,92
2016,Albania,111,93
2016,Cyprus,108,94
2016,Bosnia and Herzegovina,104,95
2016,Botswana,103,96
2016,Latvia,92,97
2016,Malawi,89,98
2016,El Salvador,87,99
2016,Azerbaijan,85,100
2016,Libya,82,101
2016,Bahrain,80,102
2016,Morocco,64,103
2016,Paraguay,62,104
2016,Iceland,56,105
2016,Costa Rica,51,106
2016,Bolivia,51,106
2016,Mozambique,50,108
2016,Cameroon,48,109
2016,Luxembourg,45,110
2016,Seychelles,44,111
2016,Sudan,41,112
2016,Uruguay,40,113
2016,Guatemala,39,114
2016,Syria,36,115
2016,Qatar,35,116
2016,Gaza Strip and West Bank,34,117
2016,Trinidad and Tobago,29,118
2016,Andorra,29,118
2016,"Congo, Democratic Republic of",28,120
2016,Rwanda,28,120
2016,Belarus,27,122
2016,Tonga,27,122
2016,Jamaica,24,124
2016,Vanuatu,23,125
2016,Tunisia,23,125
2016,Afghanistan,19,127
2016,Panama,18,128
2016,Sierra Leone,17,129
2016,Montenegro,17,129
2016,Namibia,17,129
2016,Cuba,16,132
2016,Algeria,16,132
2016,Armenia,16,132
2016,Yemen,15,135
2016,Nauru,15,135
2016,Madagascar,15,135
2016,Honduras,14,138
2016,Dominican Republic,12,139
2016,Kiribati,12,139
2016,Malta,11,141
2016,Kyrgyzstan,10,142
2016,"Korea, Democratic People's Republic of (North)",9,143
2016,Eritrea,9,143
2016,Tuvalu,8,145
2016,Burundi,8,145
2016,Lesotho,8,145
2016,Liberia,8,145
2016,Samoa,7,149
2016,Georgia,7,149
2016,Belize,7,149
2016,Turkmenistan,7,149
2016,Cote d'Ivoire,6,153
2016,Barbados,6,153
2016,Nicaragua,6,153
2016,Bahamas,6,153
2016,Gambia,6,153
2016,"Congo, Republic of",6,153
2016,Gabon,6,153
2016,Angola,5,160
2016,United Kingdom (Other),5,160
2016,Guinea,5,160
2016,St Lucia,5,160
2016,Dominica,4,164
2016,Senegal,4,164
2016,Moldova,4,164
2016,Kosovo,3,167
2016,Liechtenstein,3,167
2016,Tajikistan,3,167
2016,Monaco,3,167
2016,Swaziland,3,167
2016,Benin,3,167
2016,Puerto Rico,3,167
2016,Guyana,3,167
2016,Somalia,3,167
2016,Equatorial Guinea,3,167
2016,Burkina Faso,2,177
2016,Suriname,2,177
2016,Yugoslavia,2,177
2016,Grenada,2,177
2016,French Guiana,2,177
2016,San Marino,2,177
2016,Palau,2,177
2016,Gibraltar,2,177
2016,Djibouti,2,177
2016,New Caledonia,1,186
2016,Reunion,1,186
2016,Chad,1,186
2016,Niger,1,186
2016,Mauritania,1,186
2016,Haiti,1,186
2016,"Micronesia, Federated States of",1,186
2016,St Vincent and the Grenadines,1,186
2016,Netherlands Antilles,1,186
2016,St Helena,1,186
2016,Bermuda,1,186
2017,China,230563,1
2017,India,87008,2
2017,Brazil,36217,3
2017,Nepal,35172,4
2017,Malaysia,32694,5
2017,"Korea, Republic of (South)",30929,6
2017,Thailand,30516,7
2017,Vietnam,30363,8
2017,Colombia,21488,9
2017,Indonesia,19952,10
2017,Taiwan,18132,11
2017,Hong Kong SAR,17750,12
2017,Japan,15922,13
2017,Pakistan,15627,14
2017,United States of America,11874,15
2017,Philippines,10768,16
2017,Sri Lanka,10467,17
2017,Italy,10214,18
2017,Singapore,8371,19
2017,Spain,7671,20
2017,United Kingdom,7467,21
2017,Bangladesh,6546,22
2017,Saudi Arabia,6468,23
2017,France,5869,24
2017,Germany,5452,25
2017,Canada,4393,26
2017,Chile,4277,27
2017,Kenya,4016,28
2017,Mongolia,3037,29
2017,Mexico,3025,30
2017,Nigeria,2970,31
2017,Iran,2876,32
2017,Czech Republic,2537,33
2017,Turkiye,2487,34
2017,Mauritius,2382,35
2017,Norway,2322,36
2017,Poland,2264,37
2017,Cambodia,2262,38
2017,Venezuela,2210,39
2017,Bhutan,2144,40
2017,Sweden,2043,41
2017,Switzerland,1787,42
2017,Peru,1696,43
2017,Papua New Guinea,1454,44
2017,Zimbabwe,1428,45
2017,Myanmar,1401,46
2017,Netherlands,1327,47
2017,Greece,1308,48
2017,Oman,1279,49
2017,Slovakia,1173,50
2017,Russian Federation,1156,51
2017,Portugal,1133,52
2017,Kuwait,1123,53
2017,Denmark,1095,54
2017,Macau,1017,55
2017,Ireland,998,56
2017,Argentina,989,57
2017,Lebanon,935,58
2017,Lithuania,868,59
2017,South Africa,776,60
2017,Jordan,736,61
2017,Hungary,681,62
2017,Ecuador,639,63
2017,Belgium,635,64
2017,Iraq,595,65
2017,Ghana,595,65
2017,Laos,584,67
2017,Estonia,523,68
2017,Austria,514,69
2017,Fiji,497,70
2017,United Arab Emirates,477,71
2017,Zambia,449,72
2017,Egypt,417,73
2017,Brunei Darussalam,406,74
2017,Finland,403,75
2017,North Macedonia,389,76
2017,Bulgaria,322,77
2017,Israel,308,78
2017,Ukraine,295,79
2017,Uganda,200,80
2017,Ethiopia,190,81
2017,Serbia,187,82
2017,Uzbekistan,183,83
2017,Solomon Islands,179,84
2017,Slovenia,172,85
2017,Kazakhstan,165,86
2017,Tanzania,159,87
2017,Romania,148,88
2017,Croatia,145,89
2017,Maldives,144,90
2017,Timor-Leste,123,91
2017,Other,110,92
2017,Albania,109,93
2017,Bosnia and Herzegovina,106,94
2017,Cyprus,102,95
2017,Botswana,98,96
2017,Latvia,96,97
2017,Uruguay,96,97
2017,El Salvador,93,99
2017,Paraguay,87,100
2017,Malawi,80,101
2017,Costa Rica,65,102
2017,Iceland,64,103
2017,Morocco,63,104
2017,Bahrain,63,104
2017,Azerbaijan,60,106
2017,Bolivia,60,106
2017,Sudan,56,108
2017,Mozambique,55,109
2017,Cameroon,52,110
2017,Guatemala,45,111
2017,Seychelles,37,112
2017,Libya,36,113
2017,Luxembourg,35,114
2017,Qatar,33,115
2017,Yemen,33,115
2017,Gaza Strip and West Bank,32,117
2017,"Congo, Democratic Republic of",32,117
2017,Tonga,31,119
2017,Belarus,30,120
2017,Rwanda,30,120
2017,Andorra,29,122
2017,Syria,28,123
2017,Jamaica,27,124
2017,Vanuatu,26,125
2017,Sierra Leone,25,126
2017,Nauru,24,127
2017,Honduras,23,128
2017,Tunisia,23,128
2017,Montenegro,21,130
2017,Trinidad and Tobago,20,131
2017,Panama,19,132
2017,Afghanistan,18,133
2017,Malta,16,134
2017,Armenia,16,134
2017,Algeria,15,136
2017,Namibia,15,136
2017,Cuba,14,138
2017,Madagascar,14,138
2017,Kiribati,12,140
2017,Kyrgyzstan,10,141
2017,Liberia,10,141
2017,Cote d'Ivoire,9,143
2017,Tuvalu,9,143
2017,Dominican Republic,9,143
2017,Eritrea,9,143
2017,Bahamas,9,143
2017,Burundi,9,143
2017,Georgia,9,143
2017,Dominica,7,150
2017,Guinea,7,150
2017,Lesotho,7,150
2017,Samoa,6,153
2017,United Kingdom (Other),6,153
2017,Gambia,6,153
2017,Belize,6,153
2017,Turkmenistan,6,153
2017,Kosovo,5,158
2017,Nicaragua,5,158
2017,Moldova,5,158
2017,Gabon,5,158
2017,Barbados,4,162
2017,Tajikistan,4,162
2017,Senegal,4,162
2017,Guyana,4,162
2017,San Marino,4,162
2017,Equatorial Guinea,4,162
2017,"Korea, Democratic People's Republic of (North)",3,168
2017,Burkina Faso,3,168
2017,Suriname,3,168
2017,Swaziland,3,168
2017,Benin,3,168
2017,Puerto Rico,3,168
2017,Grenada,3,168
2017,Djibouti,3,168
2017,Liechtenstein,2,176
2017,Monaco,2,176
2017,Antigua and Barbuda,2,176
2017,"Samoa, American",2,176
2017,French Guiana,2,176
2017,Niger,2,176
2017,Somalia,2,176
2017,Gibraltar,2,176
2017,New Caledonia,1,184
2017,Angola,1,184
2017,St Kitts and Nevis,1,184
2017,French Polynesia,1,184
2017,"Congo, Republic of",1,184
2017,Chad,1,184
2017,St Lucia,1,184
2017,Mauritania,1,184
2017,Haiti,1,184
2017,Palau,1,184
2017,St Vincent and the Grenadines,1,184
2017,Sao Tome and Principe,1,184
2017,Comoros,1,184
2017,South Sudan,1,184
2017,Marshall Islands,1,184
2017,Netherlands Antilles,1,184
2017,St Helena,1,184
2017,Bermuda,1,184
2018,China,255112,1
2018,India,107570,2
2018,Nepal,51948,3
2018,Brazil,40563,4
2018,Malaysia,33546,5
2018,"Korea, Republic of (South)",29911,6
2018,Vietnam,29877,7
2018,Thailand,27678,8
2018,Colombia,26039,9
2018,Indonesia,20835,10
2018,Taiwan,18722,11
2018,Hong Kong SAR,16672,12
2018,Pakistan,16528,13
2018,Japan,16148,14
2018,Sri Lanka,12976,15
2018,Philippines,12694,16
2018,United States of America,11966,17
2018,Italy,9244,18
2018,Singapore,8461,19
2018,Spain,8147,20
2018,United Kingdom,7634,21
2018,Bangladesh,7191,22
2018,France,5980,23
2018,Saudi Arabia,5934,24
2018,Chile,5509,25
2018,Germany,5401,26
2018,Canada,4632,27
2018,Kenya,4587,28
2018,Mongolia,4464,29
2018,Mexico,3257,30
2018,Bhutan,2916,31
2018,Nigeria,2822,32
2018,Iran,2794,33
2018,Cambodia,2778,34
2018,Turkiye,2676,35
2018,Norway,2476,36
2018,Mauritius,2430,37
2018,Czech Republic,2128,38
2018,Sweden,2052,39
2018,Poland,1918,40
2018,Peru,1900,41
2018,Switzerland,1688,42
2018,Myanmar,1677,43
2018,Netherlands,1431,44
2018,Venezuela,1430,45
2018,Zimbabwe,1398,46
2018,Papua New Guinea,1344,47
2018,Argentina,1269,48
2018,Russian Federation,1203,49
2018,Oman,1200,50
2018,Portugal,1138,51
2018,Ireland,1095,52
2018,Denmark,1085,53
2018,Slovakia,1078,54
2018,Greece,1049,55
2018,Macau,1018,56
2018,Lebanon,935,57
2018,Lithuania,875,58
2018,Kuwait,855,59
2018,South Africa,829,60
2018,Jordan,680,61
2018,Fiji,675,62
2018,Ghana,664,63
2018,Laos,662,64
2018,Ecuador,652,65
2018,Belgium,647,66
2018,Estonia,536,67
2018,Hungary,516,68
2018,United Arab Emirates,490,69
2018,Austria,479,70
2018,Finland,447,71
2018,Iraq,436,72
2018,Egypt,432,73
2018,North Macedonia,382,74
2018,Zambia,381,75
2018,Brunei Darussalam,372,76
2018,Israel,296,77
2018,Bulgaria,289,78
2018,Ukraine,249,79
2018,Ethiopia,208,80
2018,Serbia,199,81
2018,Kazakhstan,197,82
2018,Solomon Islands,187,83
2018,Uganda,186,84
2018,Uzbekistan,182,85
2018,Tanzania,158,86
2018,Romania,153,87
2018,Slovenia,149,88
2018,Maldives,144,89
2018,Croatia,134,90
2018,Uruguay,122,91
2018,Paraguay,115,92
2018,Botswana,111,93
2018,Timor-Leste,109,94
2018,Albania,98,95
2018,Latvia,96,96
2018,Other,94,97
2018,Bosnia and Herzegovina,89,98
2018,Cyprus,89,98
2018,El Salvador,88,100
2018,Costa Rica,82,101
2018,Malawi,81,102
2018,Sudan,78,103
2018,Bolivia,76,104
2018,Morocco,62,105
2018,Yemen,56,106
2018,Cameroon,54,107
2018,Bahrain,52,108
2018,Iceland,52,108
2018,Mozambique,51,110
2018,Azerbaijan,46,111
2018,Qatar,45,112
2018,Guatemala,45,112
2018,Tonga,43,114
2018,Gaza Strip and West Bank,42,115
2018,Seychelles,38,116
2018,Vanuatu,35,117
2018,Luxembourg,35,117
2018,Nauru,29,119
2018,Jamaica,29,119
2018,Rwanda,29,119
2018,Belarus,28,122
2018,Panama,27,123
2018,"Congo, Democratic Republic of",24,124
2018,Syria,23,125
2018,Sierra Leone,23,125
2018,Malta,22,127
2018,Montenegro,22,127
2018,Honduras,21,129
2018,Libya,21,129
2018,Tunisia,21,129
2018,Trinidad and Tobago,20,132
2018,Afghanistan,19,133
2018,Algeria,19,133
2018,Namibia,18,135
2018,Armenia,17,136
2018,Andorra,16,137
2018,Madagascar,16,137
2018,Dominican Republic,15,139
2018,Samoa,15,139
2018,Kyrgyzstan,13,141
2018,Tuvalu,12,142
2018,Kiribati,12,142
2018,Liberia,12,142
2018,Kosovo,11,145
2018,Guinea,9,146
2018,Georgia,9,146
2018,Senegal,8,148
2018,Cuba,7,149
2018,Barbados,7,149
2018,Swaziland,7,149
2018,Burundi,7,149
2018,Cote d'Ivoire,6,153
2018,Eritrea,6,153
2018,Nicaragua,6,153
2018,Moldova,6,153
2018,Belize,6,153
2018,Liechtenstein,5,158
2018,United Kingdom (Other),5,158
2018,Dominica,5,158
2018,Tajikistan,5,158
2018,Bahamas,5,158
2018,Gambia,5,158
2018,Gabon,5,158
2018,St Kitts and Nevis,4,165
2018,Antigua and Barbuda,4,165
2018,Grenada,4,165
2018,Djibouti,4,165
2018,Comoros,4,165
2018,Suriname,3,170
2018,Lesotho,3,170
2018,Turkmenistan,3,170
2018,St Lucia,3,170
2018,Mauritania,3,170
2018,Somalia,3,170
2018,Equatorial Guinea,3,170
2018,Bermuda,3,170
2018,Burkina Faso,2,178
2018,Monaco,2,178
2018,Benin,2,178
2018,Puerto Rico,2,178
2018,"Congo, Republic of",2,178
2018,Guyana,2,178
2018,San Marino,2,178
2018,"Korea, Democratic People's Republic of (North)",1,185
2018,Togo,1,185
2018,Guinea-Bissau,1,185
2018,"Samoa, American",1,185
2018,French Guiana,1,185
2018,Haiti,1,185
2018,South Sudan,1,185
2018,Marshall Islands,1,185
2018,Netherlands Antilles,1,185
2018,St Helena,1,185
2019,China,260069,1
2019,India,142887,2
2019,Nepal,68910,3
2019,Brazil,40726,4
2019,Vietnam,31727,5
2019,Colombia,31705,6
2019,Malaysia,30664,7
2019,"Korea, Republic of (South)",28631,8
2019,Thailand,26028,9
2019,Indonesia,22636,10
2019,Philippines,21128,11
2019,Pakistan,19088,12
2019,Taiwan,18438,13
2019,Sri Lanka,16120,14
2019,Japan,16020,15
2019,Hong Kong SAR,15579,16
2019,United States of America,12475,17
2019,Italy,8619,18
2019,Spain,8500,19
2019,Singapore,8319,20
2019,United Kingdom,8123,21
2019,Bangladesh,7849,22
2019,Saudi Arabia,7229,23
2019,Chile,6295,24
2019,France,6066,25
2019,Mongolia,5755,26
2019,Germany,5257,27
2019,Canada,4679,28
2019,Kenya,4599,29
2019,Bhutan,3926,30
2019,Mexico,3784,31
2019,Cambodia,3260,32
2019,Turkiye,2925,33
2019,Myanmar,2705,34
2019,Nigeria,2683,35
2019,Iran,2644,36
2019,Mauritius,2497,37
2019,Norway,2449,38
2019,Peru,2046,39
2019,Sweden,1848,40
2019,Czech Republic,1738,41
2019,Argentina,1724,42
2019,Poland,1677,43
2019,Switzerland,1512,44
2019,Netherlands,1432,45
2019,Papua New Guinea,1363,46
2019,Ireland,1328,47
2019,Zimbabwe,1308,48
2019,Oman,1187,49
2019,Russian Federation,1130,50
2019,Portugal,1073,51
2019,Denmark,1038,52
2019,South Africa,999,53
2019,Macau,988,54
2019,Slovakia,957,55
2019,Fiji,933,56
2019,Venezuela,904,57
2019,Lebanon,860,58
2019,Greece,848,59
2019,Lithuania,844,60
2019,Laos,786,61
2019,Ecuador,727,62
2019,Belgium,647,63
2019,Jordan,642,64
2019,Ghana,625,65
2019,Kuwait,558,66
2019,Estonia,520,67
2019,Finland,483,68
2019,Egypt,467,69
2019,United Arab Emirates,433,70
2019,Hungary,424,71
2019,Austria,419,72
2019,North Macedonia,395,73
2019,Zambia,337,74
2019,Brunei Darussalam,310,75
2019,Israel,289,76
2019,Iraq,267,77
2019,Ukraine,258,78
2019,Uzbekistan,225,79
2019,Bulgaria,221,80
2019,Ethiopia,220,81
2019,Kazakhstan,215,82
2019,Uganda,189,83
2019,Romania,188,84
2019,Solomon Islands,187,85
2019,Serbia,169,86
2019,Uruguay,168,87
2019,Tanzania,151,88
2019,Maldives,144,89
2019,Slovenia,141,90
2019,Botswana,132,91
2019,Paraguay,118,92
2019,Croatia,116,93
2019,Sudan,97,94
2019,Timor-Leste,96,95
2019,Bolivia,96,95
2019,Other,95,97
2019,Latvia,95,97
2019,Albania,91,99
2019,El Salvador,90,100
2019,Malawi,86,101
2019,Cyprus,75,102
2019,Morocco,73,103
2019,Bosnia and Herzegovina,73,103
2019,Guatemala,73,103
2019,Costa Rica,70,106
2019,Yemen,66,107
2019,Qatar,63,108
2019,Iceland,57,109
2019,Cameroon,56,110
2019,Tonga,56,110
2019,Bahrain,51,112
2019,Luxembourg,49,113
2019,Azerbaijan,48,114
2019,Mozambique,44,115
2019,Seychelles,43,116
2019,Nauru,38,117
2019,Gaza Strip and West Bank,36,118
2019,Panama,36,118
2019,Rwanda,35,120
2019,Afghanistan,32,121
2019,Vanuatu,30,122
2019,Algeria,30,122
2019,Jamaica,29,124
2019,Belarus,28,125
2019,Montenegro,26,126
2019,Syria,25,127
2019,Trinidad and Tobago,24,128
2019,Malta,24,128
2019,Madagascar,24,128
2019,Kyrgyzstan,23,131
2019,Sierra Leone,22,132
2019,Honduras,21,133
2019,Andorra,20,134
2019,"Congo, Democratic Republic of",18,135
2019,Tunisia,18,135
2019,Namibia,16,137
2019,Armenia,15,138
2019,Nicaragua,14,139
2019,Tuvalu,13,140
2019,Kiribati,13,140
2019,Libya,12,142
2019,Barbados,12,142
2019,Swaziland,12,142
2019,Samoa,11,145
2019,Guinea,11,145
2019,Senegal,10,147
2019,Burundi,10,147
2019,Georgia,9,149
2019,Liberia,9,149
2019,Dominican Republic,8,151
2019,Belize,8,151
2019,Kosovo,7,153
2019,Cote d'Ivoire,7,153
2019,Dominica,7,153
2019,Lesotho,6,156
2019,St Kitts and Nevis,5,157
2019,Suriname,5,157
2019,Eritrea,5,157
2019,Bahamas,5,157
2019,Moldova,5,157
2019,St Lucia,5,157
2019,Cuba,4,163
2019,Gambia,4,163
2019,Mauritania,4,163
2019,United Kingdom (Other),3,166
2019,Tajikistan,3,166
2019,"Congo, Republic of",3,166
2019,Gabon,3,166
2019,Haiti,3,166
2019,Somalia,3,166
2019,Djibouti,3,166
2019,South Sudan,3,166
2019,Angola,2,174
2019,Monaco,2,174
2019,Benin,2,174
2019,Puerto Rico,2,174
2019,Guinea-Bissau,2,174
2019,Turkmenistan,2,174
2019,Grenada,2,174
2019,San Marino,2,174
2019,Equatorial Guinea,2,174
2019,Comoros,2,174
2019,Liechtenstein,1,184
2019,"Korea, Democratic People's Republic of (North)",1,184
2019,Togo,1,184
2019,Burkina Faso,1,184
2019,Antigua and Barbuda,1,184
2019,French Polynesia,1,184
2019,Guyana,1,184
2019,"Samoa, American",1,184
2019,French Guiana,1,184
2019,Niger,1,184
2019,St Helena,1,184
2019,Bermuda,1,184
2020,China,229381,1
2020,India,147553,2
2020,Nepal,70644,3
2020,Brazil,33342,4
2020,Colombia,32648,5
2020,Vietnam,29479,6
2020,Malaysia,25570,7
2020,Philippines,24713,8
2020,"Korea, Republic of (South)",24271,9
2020,Thailand,22320,10
2020,Indonesia,22305,11
2020,Pakistan,19663,12
2020,Sri Lanka,16248,13
2020,Taiwan,15579,14
2020,Hong Kong SAR,14958,15
2020,Japan,12260,16
2020,United States of America,8956,17
2020,Bangladesh,7864,18
2020,Singapore,7506,19
2020,Italy,7183,20
2020,United Kingdom,7141,21
2020,Saudi Arabia,6533,22
2020,Spain,6046,23
2020,Chile,5511,24
2020,France,4844,25
2020,Mongolia,4685,26
2020,Canada,4510,27
2020,Bhutan,4232,28
2020,Kenya,4196,29
2020,Germany,3709,30
2020,Cambodia,3398,31
2020,Mexico,3191,32
2020,Myanmar,3137,33
2020,Turkiye,2836,34
2020,Nigeria,2397,35
2020,Iran,2338,36
2020,Mauritius,2252,37
2020,Argentina,1987,38
2020,Peru,1977,39
2020,Ireland,1399,40
2020,Norway,1364,41
2020,Papua New Guinea,1279,42
2020,Sweden,1237,43
2020,Poland,1236,44
2020,Oman,1208,45
2020,Zimbabwe,1205,46
2020,Czech Republic,1185,47
2020,Fiji,1104,48
2020,Russian Federation,1006,49
2020,South Africa,993,50
2020,Macau,894,51
2020,Netherlands,893,52
2020,Switzerland,884,53
2020,Portugal,866,54
2020,Laos,794,55
2020,Lebanon,779,56
2020,Slovakia,726,57
2020,Lithuania,648,58
2020,Ecuador,636,59
2020,Greece,625,60
2020,Jordan,576,61
2020,Ghana,547,62
2020,Belgium,543,63
2020,Venezuela,522,64
2020,Egypt,479,65
2020,Denmark,456,66
2020,Estonia,441,67
2020,Kuwait,418,68
2020,Finland,408,69
2020,United Arab Emirates,363,70
2020,North Macedonia,344,71
2020,Zambia,317,72
2020,Hungary,300,73
2020,Brunei Darussalam,294,74
2020,Austria,255,75
2020,Israel,243,76
2020,Ethiopia,222,77
2020,Ukraine,200,78
2020,Uruguay,200,78
2020,Kazakhstan,197,80
2020,Uzbekistan,196,81
2020,Uganda,190,82
2020,Bulgaria,170,83
2020,Serbia,165,84
2020,Romania,159,85
2020,Tanzania,156,86
2020,Solomon Islands,154,87
2020,Maldives,147,88
2020,Iraq,143,89
2020,Botswana,137,90
2020,Slovenia,107,91
2020,Croatia,106,92
2020,Sudan,105,93
2020,Bolivia,98,94
2020,Other,96,95
2020,Malawi,95,96
2020,Paraguay,90,97
2020,Morocco,85,98
2020,Latvia,85,98
2020,Albania,84,100
2020,Guatemala,82,101
2020,El Salvador,81,102
2020,Timor-Leste,74,103
2020,Bosnia and Herzegovina,63,104
2020,Cyprus,63,104
2020,Tonga,61,106
2020,Mozambique,50,107
2020,Yemen,47,108
2020,Costa Rica,47,108
2020,Bahrain,43,110
2020,Nauru,43,110
2020,Azerbaijan,42,112
2020,Cameroon,41,113
2020,Panama,38,114
2020,Honduras,36,115
2020,Afghanistan,36,115
2020,Qatar,35,117
2020,Seychelles,35,117
2020,Gaza Strip and West Bank,33,119
2020,Rwanda,32,120
2020,Iceland,31,121
2020,Belarus,29,122
2020,Vanuatu,28,123
2020,Sierra Leone,27,124
2020,Algeria,27,124
2020,Luxembourg,24,126
2020,Syria,23,127
2020,Jamaica,23,127
2020,Trinidad and Tobago,22,129
2020,Kyrgyzstan,22,129
2020,"Congo, Democratic Republic of",21,131
2020,Malta,21,131
2020,Montenegro,21,131
2020,Madagascar,21,131
2020,Tunisia,20,135
2020,Armenia,16,136
2020,Nicaragua,15,137
2020,Samoa,14,138
2020,Namibia,14,138
2020,Tuvalu,13,140
2020,Burundi,12,141
2020,Andorra,11,142
2020,Swaziland,11,142
2020,Barbados,10,144
2020,Kiribati,10,144
2020,Cuba,9,146
2020,Belize,9,146
2020,Liberia,9,146
2020,Suriname,8,149
2020,Lesotho,8,149
2020,Georgia,8,149
2020,Somalia,8,149
2020,Libya,7,153
2020,Dominican Republic,7,153
2020,Dominica,7,153
2020,Kosovo,6,156
2020,Guinea,6,156
2020,Bahamas,6,156
2020,St Lucia,6,156
2020,Burkina Faso,5,160
2020,Eritrea,5,160
2020,Senegal,5,160
2020,Gambia,5,160
2020,Cote d'Ivoire,4,164
2020,St Kitts and Nevis,4,164
2020,Moldova,4,164
2020,French Polynesia,4,164
2020,Niger,4,164
2020,Angola,3,169
2020,United Kingdom (Other),3,169
2020,"Congo, Republic of",3,169
2020,Mauritania,3,169
2020,Haiti,3,169
2020,Equatorial Guinea,3,169
2020,"Korea, Democratic People's Republic of (North)",2,175
2020,Tajikistan,2,175
2020,Antigua and Barbuda,2,175
2020,Puerto Rico,2,175
2020,Grenada,2,175
2020,Guyana,2,175
2020,South Sudan,2,175
2020,New Caledonia,1,182
2020,Togo,1,182
2020,Monaco,1,182
2020,Benin,1,182
2020,Guinea-Bissau,1,182
2020,Chad,1,182
2020,Turkmenistan,1,182
2020,Gabon,1,182
2020,Falkland Islands,1,182
2020,"Samoa, American",1,182
2020,St Vincent and the Grenadines,1,182
2020,Comoros,1,182
2020,Bermuda,1,182
2021,China,198799,1
2021,India,128580,2
2021,Nepal,59317,3
2021,Vietnam,24637,4
2021,Colombia,23449,5
2021,Brazil,21646,6
2021,Philippines,20172,7
2021,Indonesia,19564,8
2021,Malaysia,19518,9
2021,"Korea, Republic of (South)",18531,10
2021,Pakistan,17335,11
2021,Thailand,16005,12
2021,Sri Lanka,14413,13
2021,Hong Kong SAR,13994,14
2021,Taiwan,11864,15
2021,Japan,7862,16
2021,Bangladesh,7070,17
2021,Singapore,6419,18
2021,United Kingdom,5478,19
2021,Italy,5454,20
2021,Saudi Arabia,4439,21
2021,Chile,3982,22
2021,United States of America,3865,23
2021,Kenya,3523,24
2021,Bhutan,3521,25
2021,Canada,3433,26
2021,Mongolia,3406,27
2021,France,3321,28
2021,Cambodia,2987,29
2021,Spain,2463,30
2021,Myanmar,2234,31
2021,Nigeria,2136,32
2021,Germany,2101,33
2021,Iran,2093,34
2021,Turkiye,1964,35
2021,Mauritius,1789,36
2021,Argentina,1785,37
2021,Mexico,1767,38
2021,Peru,1570,39
2021,Ireland,1164,40
2021,Zimbabwe,1089,41
2021,Papua New Guinea,1052,42
2021,Fiji,978,43
2021,South Africa,884,44
2021,Oman,867,45
2021,Poland,851,46
2021,Russian Federation,799,47
2021,Macau,757,48
2021,Czech Republic,668,49
2021,Sweden,666,50
2021,Portugal,652,51
2021,Lebanon,597,52
2021,Netherlands,565,53
2021,Laos,562,54
2021,Ghana,481,55
2021,Slovakia,457,56
2021,Jordan,452,57
2021,Egypt,439,58
2021,Norway,436,59
2021,Ecuador,415,60
2021,Greece,399,61
2021,Kuwait,387,62
2021,Belgium,374,63
2021,Lithuania,350,64
2021,United Arab Emirates,312,65
2021,Estonia,305,66
2021,Switzerland,298,67
2021,Venezuela,289,68
2021,Brunei Darussalam,266,69
2021,North Macedonia,263,70
2021,Finland,258,71
2021,Zambia,251,72
2021,Israel,223,73
2021,Hungary,207,74
2021,Ethiopia,189,75
2021,Uganda,180,76
2021,Kazakhstan,173,77
2021,Ukraine,157,78
2021,Uzbekistan,153,79
2021,Denmark,150,80
2021,Maldives,146,81
2021,Solomon Islands,139,82
2021,Uruguay,138,83
2021,Botswana,135,84
2021,Tanzania,129,85
2021,Austria,126,86
2021,Romania,118,87
2021,Serbia,114,88
2021,Bulgaria,105,89
2021,Iraq,103,90
2021,Sudan,96,91
2021,Croatia,81,92
2021,Malawi,79,93
2021,Other,75,94
2021,Latvia,75,94
2021,Morocco,72,96
2021,Bolivia,71,97
2021,Albania,65,98
2021,Paraguay,63,99
2021,Slovenia,63,99
2021,El Salvador,59,101
2021,Guatemala,57,102
2021,Bosnia and Herzegovina,53,103
2021,Tonga,51,104
2021,Timor-Leste,50,105
2021,Mozambique,45,106
2021,Cyprus,39,107
2021,Nauru,39,107
2021,Costa Rica,37,109
2021,Cameroon,36,110
2021,Afghanistan,33,111
2021,Panama,33,111
2021,Azerbaijan,31,113
2021,Honduras,30,114
2021,Sierra Leone,30,114
2021,Rwanda,30,114
2021,"Congo, Democratic Republic of",28,117
2021,Gaza Strip and West Bank,26,118
2021,Yemen,25,119
2021,Seychelles,25,119
2021,Syria,24,121
2021,Bahrain,23,122
2021,Malta,22,123
2021,Belarus,21,124
2021,Samoa,21,124
2021,Vanuatu,20,126
2021,Qatar,19,127
2021,Kyrgyzstan,19,127
2021,Algeria,19,127
2021,Armenia,19,127
2021,Madagascar,18,131
2021,Trinidad and Tobago,17,132
2021,Jamaica,17,132
2021,Burundi,16,134
2021,Tuvalu,15,135
2021,Iceland,14,136
2021,Montenegro,14,136
2021,Luxembourg,13,138
2021,Nicaragua,12,139
2021,Tunisia,11,140
2021,Kiribati,11,140
2021,Somalia,9,142
2021,Dominican Republic,8,143
2021,Suriname,8,143
2021,Swaziland,8,143
2021,Namibia,8,143
2021,Cote d'Ivoire,7,147
2021,Tajikistan,6,148
2021,Guinea,6,148
2021,Bahamas,6,148
2021,Georgia,6,148
2021,French Polynesia,6,148
2021,Liberia,6,148
2021,Dominica,5,154
2021,Lesotho,5,154
2021,St Lucia,5,154
2021,Kosovo,4,157
2021,Angola,4,157
2021,St Kitts and Nevis,4,157
2021,Barbados,4,157
2021,Belize,4,157
2021,Turkmenistan,4,157
2021,Cuba,3,163
2021,Burkina Faso,3,163
2021,Moldova,3,163
2021,"Congo, Republic of",3,163
2021,Guyana,3,163
2021,Equatorial Guinea,3,163
2021,Libya,2,169
2021,"Korea, Democratic People's Republic of (North)",2,169
2021,Togo,2,169
2021,United Kingdom (Other),2,169
2021,Andorra,2,169
2021,Senegal,2,169
2021,Gambia,2,169
2021,Chad,2,169
2021,Grenada,2,169
2021,Haiti,2,169
2021,St Vincent and the Grenadines,2,169
2021,Monaco,1,180
2021,Eritrea,1,180
2021,Antigua and Barbuda,1,180
2021,Puerto Rico,1,180
2021,Guinea-Bissau,1,180
2021,Falkland Islands,1,180
2021,Niger,1,180
2021,Mauritania,1,180
2021,United States (Territories),1,180
2021,St Helena,1,180
2021,Bermuda,1,180
2022,China,177915,1
2022,India,126864,2
2022,Nepal,70852,3
2022,Colombia,28297,4
2022,Vietnam,26312,5
2022,Thailand,25769,6
2022,Brazil,24480,7
2022,Philippines,21309,8
2022,Pakistan,20572,9
2022,Indonesia,20218,10
2022,Malaysia,18470,11
2022,"Korea, Republic of (South)",16271,12
2022,Hong Kong SAR,14495,13
2022,Sri Lanka,14044,14
2022,Taiwan,11234,15
2022,Japan,10091,16
2022,Bangladesh,8320,17
2022,Singapore,6368,18
2022,Chile,5327,19
2022,United Kingdom,5125,20
2022,Bhutan,5014,21
2022,Kenya,4739,22
2022,United States of America,4576,23
2022,Italy,4535,24
2022,Spain,4051,25
2022,Germany,3712,26
2022,Mongolia,3701,27
2022,Saudi Arabia,3573,28
2022,Canada,3467,29
2022,France,3424,30
2022,Cambodia,3298,31
2022,Turkiye,3194,32
2022,Nigeria,2638,33
2022,Mexico,2554,34
2022,Argentina,2467,35
2022,Myanmar,2389,36
2022,Iran,2326,37
2022,Fiji,1974,38
2022,Peru,1818,39
2022,Mauritius,1683,40
2022,Norway,1385,41
2022,Zimbabwe,1269,42
2022,Papua New Guinea,1123,43
2022,Ireland,919,44
2022,South Africa,914,45
2022,Sweden,898,46
2022,Netherlands,881,47
2022,Russian Federation,815,48
2022,Laos,813,49
2022,Poland,783,50
2022,Ecuador,743,51
2022,Macau,654,52
2022,Czech Republic,613,53
2022,Portugal,587,54
2022,Denmark,568,55
2022,Lebanon,544,56
2022,Egypt,544,56
2022,Switzerland,543,58
2022,Belgium,497,59
2022,Ghana,489,60
2022,Lithuania,484,61
2022,Slovakia,439,62
2022,Jordan,409,63
2022,Kuwait,408,64
2022,Oman,353,65
2022,Greece,304,66
2022,United Arab Emirates,267,67
2022,Ethiopia,263,68
2022,Finland,258,69
2022,Brunei Darussalam,247,70
2022,North Macedonia,241,71
2022,Zambia,238,72
2022,Austria,234,73
2022,Estonia,227,74
2022,Uganda,222,75
2022,Uruguay,218,76
2022,Venezuela,209,77
2022,Hungary,209,77
2022,Israel,198,79
2022,Kazakhstan,191,80
2022,Ukraine,149,81
2022,Maldives,145,82
2022,Solomon Islands,127,83
2022,Uzbekistan,122,84
2022,Tanzania,117,85
2022,Romania,116,86
2022,Paraguay,111,87
2022,Botswana,110,88
2022,Iraq,103,89
2022,Bolivia,97,90
2022,Guatemala,88,91
2022,Serbia,87,92
2022,Bulgaria,82,93
2022,Malawi,82,93
2022,Nauru,75,95
2022,Other,71,96
2022,Morocco,65,97
2022,El Salvador,65,97
2022,Sudan,64,99
2022,Tonga,64,99
2022,Latvia,63,101
2022,Timor-Leste,62,102
2022,Croatia,60,103
2022,Albania,59,104
2022,Slovenia,54,105
2022,Costa Rica,49,106
2022,Rwanda,43,107
2022,Mozambique,39,108
2022,Cameroon,38,109
2022,Azerbaijan,36,110
2022,Kyrgyzstan,36,110
2022,Panama,36,110
2022,Bosnia and Herzegovina,35,113
2022,Sierra Leone,35,113
2022,Yemen,32,115
2022,Afghanistan,31,116
2022,"Congo, Democratic Republic of",31,116
2022,Seychelles,30,118
2022,Belarus,29,119
2022,Cyprus,29,119
2022,Syria,27,121
2022,Algeria,27,121
2022,Malta,27,121
2022,Honduras,26,124
2022,Bahrain,26,124
2022,Armenia,26,124
2022,Gaza Strip and West Bank,23,127
2022,Burundi,23,127
2022,Iceland,22,129
2022,Luxembourg,22,129
2022,Samoa,20,131
2022,Jamaica,20,131
2022,Dominican Republic,19,133
2022,Tunisia,19,133
2022,Kiribati,18,135
2022,Tuvalu,17,136
2022,Vanuatu,16,137
2022,Madagascar,16,137
2022,Trinidad and Tobago,15,139
2022,Qatar,14,140
2022,Montenegro,13,141
2022,Namibia,12,142
2022,Nicaragua,10,143
2022,Bahamas,9,144
2022,Liberia,9,144
2022,Kosovo,8,146
2022,Dominica,8,146
2022,Andorra,8,146
2022,Moldova,8,146
2022,Georgia,7,150
2022,Somalia,6,151
2022,Liechtenstein,5,152
2022,Cote d'Ivoire,5,152
2022,Cuba,5,152
2022,Suriname,5,152
2022,St Lucia,5,152
2022,St Kitts and Nevis,4,157
2022,Tajikistan,4,157
2022,Antigua and Barbuda,4,157
2022,Swaziland,4,157
2022,Lesotho,4,157
2022,South Sudan,4,157
2022,Libya,3,163
2022,United Kingdom (Other),3,163
2022,Monaco,3,163
2022,Eritrea,3,163
2022,Guinea,3,163
2022,Senegal,3,163
2022,Gambia,3,163
2022,"Congo, Republic of",3,163
2022,Chad,3,163
2022,Turkmenistan,3,163
2022,Guyana,3,163
2022,Haiti,3,163
2022,Equatorial Guinea,3,163
2022,"Korea, Democratic People's Republic of (North)",2,176
2022,Benin,2,176
2022,Puerto Rico,2,176
2022,Belize,2,176
2022,Grenada,2,176
2022,Niger,2,176
2022,St Vincent and the Grenadines,2,176
2022,Bermuda,2,176
2022,New Caledonia,1,184
2022,Angola,1,184
2022,Togo,1,184
2022,Burkina Faso,1,184
2022,Barbados,1,184
2022,Reunion,1,184
2022,French Polynesia,1,184
2022,Falkland Islands,1,184
2022,United States (Territories),1,184
2022,"Micronesia, Federated States of",1,184
2022,Comoros,1,184
2022,Marshall Islands,1,184
2022,Netherlands Antilles,1,184
2022,St Helena,1,184
2022,Cook Islands,1,184
2023,China,191036,1
2023,India,161341,2
2023,Nepal,80690,3
2023,Colombia,52947,4
2023,Philippines,42398,5
2023,Vietnam,39803,6
2023,Thailand,39758,7
2023,Brazil,33918,8
2023,Pakistan,31989,9
2023,Indonesia,25786,10
2023,Malaysia,19928,11
2023,Sri Lanka,18752,12
2023,"Korea, Republic of (South)",16374,13
2023,Hong Kong SAR,15746,14
2023,Bhutan,14025,15
2023,Japan,13982,16
2023,Bangladesh,13896,17
2023,Taiwan,12617,18
2023,Kenya,9888,19
2023,Mongolia,8130,20
2023,Chile,8117,21
2023,Singapore,6883,22
2023,Spain,6847,23
2023,United States of America,6717,24
2023,Turkiye,6519,25
2023,Fiji,5811,26
2023,United Kingdom,5196,27
2023,Germany,4392,28
2023,Mexico,4293,29
2023,Argentina,4213,30
2023,Italy,4199,31
2023,Cambodia,4111,32
2023,Saudi Arabia,4097,33
2023,France,3963,34
2023,Canada,3954,35
2023,Nigeria,3362,36
2023,Peru,3319,37
2023,Iran,3032,38
2023,Ecuador,2687,39
2023,Norway,2315,40
2023,Mauritius,2032,41
2023,Myanmar,2000,42
2023,Zimbabwe,1697,43
2023,Papua New Guinea,1508,44
2023,Laos,1464,45
2023,Russian Federation,1336,46
2023,South Africa,1152,47
2023,Sweden,990,48
2023,Netherlands,975,49
2023,Switzerland,879,50
2023,Denmark,872,51
2023,Egypt,869,52
2023,Poland,791,53
2023,Ireland,774,54
2023,Lithuania,682,55
2023,Belgium,662,56
2023,Portugal,649,57
2023,Czech Republic,638,58
2023,Macau,629,59
2023,Lebanon,599,60
2023,Ghana,537,61
2023,Jordan,511,62
2023,Kuwait,457,63
2023,Slovakia,443,64
2023,Ethiopia,345,65
2023,United Arab Emirates,334,66
2023,Venezuela,331,67
2023,Greece,331,67
2023,Uganda,329,69
2023,Austria,298,70
2023,North Macedonia,296,71
2023,Uruguay,267,72
2023,Zambia,259,73
2023,Brunei Darussalam,258,74
2023,Finland,253,75
2023,Kazakhstan,236,76
2023,Hungary,236,76
2023,Oman,209,78
2023,Uzbekistan,206,79
2023,Israel,199,80
2023,Estonia,185,81
2023,Bolivia,184,82
2023,Paraguay,180,83
2023,Maldives,171,84
2023,Botswana,164,85
2023,Ukraine,154,86
2023,Guatemala,150,87
2023,Romania,141,88
2023,Solomon Islands,132,89
2023,Tanzania,131,90
2023,El Salvador,114,91
2023,Timor-Leste,109,92
2023,Morocco,103,93
2023,Nauru,99,94
2023,Malawi,95,95
2023,Bulgaria,94,96
2023,Tonga,90,97
2023,Iraq,89,98
2023,Serbia,84,99
2023,Costa Rica,77,100
2023,Azerbaijan,74,101
2023,Latvia,71,102
2023,Slovenia,68,103
2023,Other,67,104
2023,Albania,64,105
2023,Kyrgyzstan,60,106
2023,Panama,54,107
2023,Rwanda,53,108
2023,Belarus,52,109
2023,Croatia,51,110
2023,Sudan,48,111
2023,Sierra Leone,47,112
2023,Mozambique,46,113
2023,Cameroon,45,114
2023,Cyprus,42,115
2023,Yemen,42,115
2023,Honduras,40,117
2023,Dominican Republic,40,117
2023,Armenia,39,119
2023,Bosnia and Herzegovina,38,120
2023,Syria,38,120
2023,Vanuatu,37,122
2023,Afghanistan,35,123
2023,Seychelles,35,123
2023,Algeria,33,125
2023,Gaza Strip and West Bank,31,126
2023,"Congo, Democratic Republic of",31,126
2023,Bahrain,29,128
2023,Iceland,29,128
2023,Kiribati,28,130
2023,Samoa,27,131
2023,Malta,25,132
2023,Burundi,24,133
2023,Jamaica,23,134
2023,Luxembourg,21,135
2023,Tunisia,20,136
2023,Cuba,19,137
2023,Trinidad and Tobago,17,138
2023,Namibia,17,138
2023,Tuvalu,16,140
2023,Andorra,16,140
2023,Madagascar,16,140
2023,Kosovo,13,143
2023,Qatar,13,143
2023,Dominica,13,143
2023,Liberia,12,146
2023,Nicaragua,11,147
2023,Turkmenistan,10,148
2023,Moldova,9,149
2023,Georgia,9,149
2023,Eritrea,8,151
2023,Bahamas,8,151
2023,Liechtenstein,7,153
2023,Montenegro,7,153
2023,Tajikistan,6,155
2023,Haiti,6,155
2023,Cote d'Ivoire,5,157
2023,Libya,5,157
2023,"Korea, Democratic People's Republic of (North)",5,157
2023,Antigua and Barbuda,5,157
2023,Swaziland,5,157
2023,Benin,5,157
2023,Belize,5,157
2023,South Sudan,5,157
2023,New Caledonia,4,165
2023,St Kitts and Nevis,4,165
2023,United Kingdom (Other),4,165
2023,Suriname,4,165
2023,Monaco,4,165
2023,Lesotho,4,165
2023,Gambia,4,165
2023,St Lucia,4,165
2023,San Marino,4,165
2023,"Congo, Republic of",3,174
2023,Equatorial Guinea,3,174
2023,Senegal,2,176
2023,Chad,2,176
2023,Grenada,2,176
2023,Guyana,2,176
2023,St Vincent and the Grenadines,2,176
2023,Comoros,2,176
2023,Marshall Islands,2,176
2023,Cook Islands,2,176
2023,Angola,1,184
2023,Togo,1,184
2023,Burkina Faso,1,184
2023,Barbados,1,184
2023,Guinea,1,184
2023,Reunion,1,184
2023,Puerto Rico,1,184
2023,Guinea-Bissau,1,184
2023,Mali,1,184
2023,Niger,1,184
2023,"Micronesia, Federated States of",1,184
2023,Somalia,1,184
2023,Gibraltar,1,184
2023,Djibouti,1,184
2023,"Virgin Islands, British",1,184
2023,Pitcairn Islands,1,184
2023,St Helena,1,184
2023,Bermuda,1,184
2024,China,221102,1
2024,India,180509,2
2024,Nepal,86858,3
2024,Philippines,56653,4
2024,Colombia,54439,5
2024,Vietnam,48918,6
2024,Thailand,35815,7
2024,Brazil,34997,8
2024,Pakistan,32409,9
2024,Indonesia,30453,10
2024,Sri Lanka,23449,11
2024,Bangladesh,22118,12
2024,Malaysia,20013,13
2024,"Korea, Republic of (South)",17430,14
2024,Bhutan,16609,15
2024,Hong Kong SAR,15211,16
2024,Japan,15142,17
2024,Taiwan,14730,18
2024,Kenya,12318,19
2024,Mongolia,10742,20
2024,Chile,8356,21
2024,Fiji,8100,22
2024,United States of America,7564,23
2024,Turkiye,7395,24
2024,Singapore,7164,25
2024,Spain,6363,26
2024,United Kingdom,5270,27
2024,Mexico,4998,28
2024,Cambodia,4875,29
2024,Argentina,4700,30
2024,Germany,4576,31
2024,Italy,4471,32
2024,Saudi Arabia,4462,33
2024,France,4419,34
2024,Ecuador,4272,35
2024,Canada,4086,36
2024,Peru,3814,37
2024,Iran,3580,38
2024,Nigeria,3177,39
2024,Mauritius,2530,40
2024,Norway,2318,41
2024,Zimbabwe,2130,42
2024,Papua New Guinea,1947,43
2024,Laos,1805,44
2024,Myanmar,1579,45
2024,Russian Federation,1416,46
2024,South Africa,1284,47
2024,Sweden,1057,48
2024,Ireland,995,49
2024,Netherlands,932,50
2024,Egypt,928,51
2024,Switzerland,894,52
2024,Denmark,840,53
2024,Poland,740,54
2024,United Arab Emirates,737,55
2024,Portugal,687,56
2024,Lithuania,664,57
2024,Macau,628,58
2024,Belgium,622,59
2024,Kuwait,618,60
2024,Lebanon,574,61
2024,Ghana,552,62
2024,Jordan,544,63
2024,Czech Republic,525,64
2024,Ethiopia,424,65
2024,Uganda,362,66
2024,Uzbekistan,359,67
2024,Slovakia,349,68
2024,Greece,323,69
2024,Venezuela,316,70
2024,North Macedonia,305,71
2024,Zambia,289,72
2024,Kazakhstan,279,73
2024,Austria,278,74
2024,Finland,262,75
2024,Uruguay,262,75
2024,Brunei Darussalam,233,77
2024,Hungary,225,78
2024,Oman,224,79
2024,Estonia,222,80
2024,Botswana,221,81
2024,Bolivia,216,82
2024,Israel,215,83
2024,Paraguay,212,84
2024,Maldives,193,85
2024,Guatemala,185,86
2024,Solomon Islands,151,87
2024,Romania,143,88
2024,Ukraine,140,89
2024,Tonga,135,90
2024,Morocco,129,91
2024,Tanzania,127,92
2024,Nauru,124,93
2024,Timor-Leste,119,94
2024,El Salvador,118,95
2024,Malawi,104,96
2024,Serbia,91,97
2024,Bulgaria,85,98
2024,Costa Rica,82,99
2024,Iraq,74,100
2024,Panama,71,101
2024,Azerbaijan,69,102
2024,Kyrgyzstan,65,103
2024,Vanuatu,64,104
2024,Albania,62,105
2024,Latvia,56,106
2024,Slovenia,54,107
2024,Rwanda,53,108
2024,Other,52,109
2024,Mozambique,51,110
2024,Syria,51,110
2024,Bosnia and Herzegovina,50,112
2024,Honduras,48,113
2024,Yemen,47,114
2024,Croatia,46,115
2024,Afghanistan,46,115
2024,Sudan,43,117
2024,Dominican Republic,43,117
2024,Armenia,43,117
2024,Samoa,41,120
2024,Belarus,38,121
2024,Algeria,38,121
2024,Gaza Strip and West Bank,37,123
2024,Cyprus,37,123
2024,Seychelles,34,125
2024,Sierra Leone,34,125
2024,Cameroon,33,127
2024,Bahrain,31,128
2024,Luxembourg,31,128
2024,Malta,29,130
2024,Kiribati,29,130
2024,Iceland,28,132
2024,"Congo, Democratic Republic of",28,132
2024,Namibia,24,134
2024,Tunisia,21,135
2024,Jamaica,21,135
2024,Burundi,21,135
2024,Cuba,20,138
2024,Trinidad and Tobago,19,139
2024,Kosovo,18,140
2024,Madagascar,18,140
2024,Nicaragua,16,142
2024,Tuvalu,15,143
2024,Liberia,13,144
2024,Dominica,12,145
2024,Moldova,12,145
2024,Georgia,12,145
2024,Turkmenistan,12,145
2024,St Kitts and Nevis,11,149
2024,Bahamas,11,149
2024,Lesotho,11,149
2024,Qatar,10,152
2024,Andorra,10,152
2024,Tajikistan,7,154
2024,Swaziland,7,154
2024,San Marino,7,154
2024,Liechtenstein,6,157
2024,United Kingdom (Other),6,157
2024,Barbados,6,157
2024,Eritrea,6,157
2024,Montenegro,6,157
2024,Haiti,6,157
2024,Benin,5,163
2024,Belize,5,163
2024,St Lucia,5,163
2024,South Sudan,5,163
2024,Cote d'Ivoire,4,167
2024,Libya,4,167
2024,"Korea, Democratic People's Republic of (North)",4,167
2024,Suriname,4,167
2024,Gambia,4,167
2024,Antigua and Barbuda,3,172
2024,Guyana,3,172
2024,Equatorial Guinea,3,172
2024,Djibouti,3,172
2024,Marshall Islands,3,172
2024,Cook Islands,3,172
2024,New Caledonia,2,178
2024,Monaco,2,178
2024,Guinea,2,178
2024,"Congo, Republic of",2,178
2024,Chad,2,178
2024,Grenada,2,178
2024,Comoros,2,178
2024,"Virgin Islands, British",2,178
2024,Togo,1,186
2024,Senegal,1,186
2024,Guinea-Bissau,1,186
2024,Mali,1,186
2024,Niger,1,186
2024,"Micronesia, Federated States of",1,186
2024,Palau,1,186
2024,St Vincent and the Grenadines,1,186
2024,Gibraltar,1,186
2024,Pitcairn Islands,1,186
2024,St Helena,1,186
2024,Guadeloupe,1,186
2024,Bermuda,1,186
2025,China,227460,1
2025,India,182369,2
2025,Nepal,89530,3
2025,Philippines,47666,4
2025,Vietnam,45356,5
2025,Colombia,39867,6
2025,Bangladesh,32525,7
2025,Pakistan,31801,8
2025,Indonesia,31579,9
2025,Brazil,30345,10
2025,Thailand,29038,11
2025,Sri Lanka,25627,12
2025,Malaysia,17798,13
2025,"Korea, Republic of (South)",17229,14
2025,Bhutan,15483,15
2025,Taiwan,15260,16
2025,Japan,14179,17
2025,Hong Kong SAR,13226,18
2025,Kenya,11897,19
2025,Mongolia,8455,20
2025,United States of America,8121,21
2025,Singapore,7223,22
2025,Chile,7222,23
2025,Fiji,6784,24
2025,Turkiye,6320,25
2025,Spain,5614,26
2025,Cambodia,5330,27
2025,Mexico,5111,28
2025,United Kingdom,4886,29
2025,Saudi Arabia,4657,30
2025,Germany,4577,31
2025,Italy,4467,32
2025,France,4428,33
2025,Argentina,4169,34
2025,Canada,4045,35
2025,Ecuador,3820,36
2025,Iran,3688,37
2025,Peru,3357,38
2025,Nigeria,2562,39
2025,Mauritius,2386,40
2025,Zimbabwe,2118,41
2025,Papua New Guinea,2072,42
2025,Norway,1995,43
2025,Laos,1652,44
2025,South Africa,1186,45
2025,Russian Federation,1166,46
2025,United Arab Emirates,1109,47
2025,Ireland,1069,48
2025,Sweden,1005,49
2025,Myanmar,985,50
2025,Netherlands,877,51
2025,Switzerland,872,52
2025,Egypt,834,53
2025,Kuwait,771,54
2025,Denmark,754,55
2025,Poland,669,56
2025,Portugal,660,57
2025,Macau,630,58
2025,Belgium,591,59
2025,Lithuania,542,60
2025,Ghana,538,61
2025,Jordan,520,62
2025,Uzbekistan,518,63
2025,Ethiopia,516,64
2025,Czech Republic,504,65
2025,Lebanon,431,66
2025,Uganda,347,67
2025,Slovakia,275,68
2025,Israel,271,69
2025,Austria,265,70
2025,Kazakhstan,265,70
2025,Brunei Darussalam,261,72
2025,Zambia,254,73
2025,Oman,248,74
2025,Uruguay,248,74
2025,Greece,240,76
2025,Venezuela,223,77
2025,Botswana,223,77
2025,Finland,222,79
2025,North Macedonia,221,80
2025,Estonia,218,81
2025,Paraguay,210,82
2025,Maldives,195,83
2025,Bolivia,195,83
2025,Hungary,190,85
2025,Solomon Islands,188,86
2025,Guatemala,160,87
2025,Tonga,146,88
2025,Nauru,132,89
2025,Morocco,127,90
2025,Ukraine,119,91
2025,Tanzania,118,92
2025,Romania,116,93
2025,Timor-Leste,113,94
2025,Malawi,102,95
2025,El Salvador,80,96
2025,Iraq,78,97
2025,Costa Rica,74,98
2025,Bulgaria,72,99
2025,Serbia,70,100
2025,Panama,68,101
2025,Azerbaijan,59,102
2025,Kyrgyzstan,57,103
2025,Vanuatu,55,104
2025,Rwanda,55,104
2025,Latvia,53,106
2025,Slovenia,52,107
2025,Albania,50,108
2025,Samoa,49,109
2025,Mozambique,43,110
2025,Algeria,43,110
2025,Afghanistan,42,112
2025,Sudan,42,112
2025,Other,41,114
2025,Honduras,40,115
2025,Luxembourg,40,115
2025,Croatia,39,117
2025,Armenia,39,117
2025,Yemen,38,119
2025,Syria,37,120
2025,Tunisia,35,121
2025,Dominican Republic,33,122
2025,"Congo, Democratic Republic of",33,122
2025,Kiribati,32,124
2025,Cyprus,31,125
2025,Namibia,31,125
2025,Gaza Strip and West Bank,30,127
2025,Belarus,30,127
2025,Malta,30,127
2025,Seychelles,28,130
2025,Iceland,27,131
2025,Cameroon,26,132
2025,Sierra Leone,26,132
2025,Bahrain,24,134
2025,Bosnia and Herzegovina,23,135
2025,Madagascar,23,135
2025,Jamaica,20,137
2025,Burundi,20,137
2025,Trinidad and Tobago,17,139
2025,Nicaragua,15,140
2025,Georgia,15,140
2025,Liberia,13,142
2025,Kosovo,11,143
2025,Cuba,11,143
2025,Dominica,11,143
2025,Swaziland,10,146
2025,Bahamas,10,146
2025,Lesotho,10,146
2025,Qatar,9,149
2025,St Kitts and Nevis,9,149
2025,Tuvalu,8,151
2025,Eritrea,8,151
2025,Turkmenistan,8,151
2025,Montenegro,7,154
2025,Moldova,7,154
2025,Gabon,6,156
2025,United Kingdom (Other),5,157
2025,Barbados,5,157
2025,Tajikistan,5,157
2025,Gambia,5,157
2025,St Lucia,5,157
2025,Djibouti,5,157
2025,South Sudan,5,157
2025,Liechtenstein,4,164
2025,Cote d'Ivoire,4,164
2025,Suriname,4,164
2025,Chad,4,164
2025,Marshall Islands,4,164
2025,Libya,3,169
2025,"Korea, Democratic People's Republic of (North)",3,169
2025,Andorra,3,169
2025,Belize,3,169
2025,Grenada,3,169
2025,Guyana,3,169
2025,Monaco,2,175
2025,Antigua and Barbuda,2,175
2025,Benin,2,175
2025,Mali,2,175
2025,San Marino,2,175
2025,Niger,2,175
2025,Haiti,2,175
2025,"Micronesia, Federated States of",2,175
2025,Equatorial Guinea,2,175
2025,New Caledonia,1,184
2025,Angola,1,184
2025,Burkina Faso,1,184
2025,Guinea,1,184
2025,Senegal,1,184
2025,British Indian Ocean Territory,1,184
2025,Guinea-Bissau,1,184
2025,"Congo, Republic of",1,184
2025,St Vincent and the Grenadines,1,184
2025,"Virgin Islands, British",1,184
2025,St Helena,1,184
2025,Bermuda,1,184
2025,Cook Islands,1,184
