nationality,region,region_group
Afghanistan,Southern and Central Asia,South & Central Asia
Albania,Southern and Eastern Europe,"Europe, Middle East & Oceania"
Algeria,North Africa and the Middle East,"Europe, Middle East & Oceania"
Andorra,Southern and Eastern Europe,"Europe, Middle East & Oceania"
Angola,Sub-Saharan Africa,Sub-Saharan Africa
Antigua and Barbuda,Americas,Americas
Argentina,Americas,Americas
Armenia,Southern and Central Asia,South & Central Asia
Austria,North-West Europe,"Europe, Middle East & Oceania"
Azerbaijan,Southern and Central Asia,South & Central Asia
Bahamas,Americas,Americas
Bahrain,North Africa and the Middle East,"Europe, Middle East & Oceania"
Bangladesh,Southern and Central Asia,South & Central Asia
Barbados,Americas,Americas
Belarus,Southern and Eastern Europe,"Europe, Middle East & Oceania"
Belgium,North-West Europe,"Europe, Middle East & Oceania"
Belize,Americas,Americas
Benin,Sub-Saharan Africa,Sub-Saharan Africa
Bermuda,Americas,Americas
Bhutan,Southern and Central Asia,South & Central Asia
Bolivia,Americas,Americas
Bosnia and Herzegovina,Southern and Eastern Europe,"Europe, Middle East & Oceania"
Botswana,Sub-Saharan Africa,Sub-Saharan Africa
Brazil,Americas,Americas
British Indian Ocean Territory,Sub-Saharan Africa,Sub-Saharan Africa
Brunei Darussalam,South-East Asia,South-East Asia
Bulgaria,Southern and Eastern Europe,"Europe, Middle East & Oceania"
Burkina Faso,Sub-Saharan Africa,Sub-Saharan Africa
Burundi,Sub-Saharan Africa,Sub-Saharan Africa
Cambodia,South-East Asia,South-East Asia
Cameroon,Sub-Saharan Africa,Sub-Saharan Africa
Canada,Americas,Americas
Chad,Sub-Saharan Africa,Sub-Saharan Africa
Chile,Americas,Americas
China,North-East Asia,North-East Asia
Colombia,Americas,Americas
Comoros,Sub-Saharan Africa,Sub-Saharan Africa
"Congo, Democratic Republic of",Sub-Saharan Africa,Sub-Saharan Africa
"Congo, Republic of",Sub-Saharan Africa,Sub-Saharan Africa
Cook Islands,Oceania and Antarctica,"Europe, Middle East & Oceania"
Costa Rica,Americas,Americas
Cote d'Ivoire,Sub-Saharan Africa,Sub-Saharan Africa
Croatia,Southern and Eastern Europe,"Europe, Middle East & Oceania"
Cuba,Americas,Americas
Cyprus,Southern and Eastern Europe,"Europe, Middle East & Oceania"
Czech Republic,Southern and Eastern Europe,"Europe, Middle East & Oceania"
Denmark,North-West Europe,"Europe, Middle East & Oceania"
Djibouti,Sub-Saharan Africa,Sub-Saharan Africa
Dominica,Americas,Americas
Dominican Republic,Americas,Americas
Ecuador,Americas,Americas
Egypt,North Africa and the Middle East,"Europe, Middle East & Oceania"
El Salvador,Americas,Americas
Equatorial Guinea,Sub-Saharan Africa,Sub-Saharan Africa
Eritrea,Sub-Saharan Africa,Sub-Saharan Africa
Estonia,Southern and Eastern Europe,"Europe, Middle East & Oceania"
Ethiopia,Sub-Saharan Africa,Sub-Saharan Africa
Falkland Islands,Americas,Americas
Fiji,Oceania and Antarctica,"Europe, Middle East & Oceania"
Finland,North-West Europe,"Europe, Middle East & Oceania"
France,North-West Europe,"Europe, Middle East & Oceania"
French Guiana,Americas,Americas
French Polynesia,Oceania and Antarctica,"Europe, Middle East & Oceania"
Gabon,Sub-Saharan Africa,Sub-Saharan Africa
Gambia,Sub-Saharan Africa,Sub-Saharan Africa
Gaza Strip and West Bank,North Africa and the Middle East,"Europe, Middle East & Oceania"
Georgia,Southern and Central Asia,South & Central Asia
Germany,North-West Europe,"Europe, Middle East & Oceania"
Ghana,Sub-Saharan Africa,Sub-Saharan Africa
Gibraltar,Southern and Eastern Europe,"Europe, Middle East & Oceania"
Greece,Southern and Eastern Europe,"Europe, Middle East & Oceania"
Grenada,Americas,Americas
Guadeloupe,Americas,Americas
Guatemala,Americas,Americas
Guinea,Sub-Saharan Africa,Sub-Saharan Africa
Guinea-Bissau,Sub-Saharan Africa,Sub-Saharan Africa
Guyana,Americas,Americas
Haiti,Americas,Americas
Honduras,Americas,Americas
Hong Kong SAR,North-East Asia,North-East Asia
Hungary,Southern and Eastern Europe,"Europe, Middle East & Oceania"
Iceland,North-West Europe,"Europe, Middle East & Oceania"
India,Southern and Central Asia,South & Central Asia
Indonesia,South-East Asia,South-East Asia
Iran,North Africa and the Middle East,"Europe, Middle East & Oceania"
Iraq,North Africa and the Middle East,"Europe, Middle East & Oceania"
Ireland,North-West Europe,"Europe, Middle East & Oceania"
Israel,North Africa and the Middle East,"Europe, Middle East & Oceania"
Italy,Southern and Eastern Europe,"Europe, Middle East & Oceania"
Jamaica,Americas,Americas
Japan,North-East Asia,North-East Asia
Jordan,North Africa and the Middle East,"Europe, Middle East & Oceania"
Kazakhstan,Southern and Central Asia,South & Central Asia
Kenya,Sub-Saharan Africa,Sub-Saharan Africa
Kiribati,Oceania and Antarctica,"Europe, Middle East & Oceania"
"Korea, Democratic People's Republic of (North)",North-East Asia,North-East Asia
"Korea, Republic of (South)",North-East Asia,North-East Asia
Kosovo,Southern and Eastern Europe,"Europe, Middle East & Oceania"
Kuwait,North Africa and the Middle East,"Europe, Middle East & Oceania"
Kyrgyzstan,Southern and Central Asia,South & Central Asia
Laos,South-East Asia,South-East Asia
Latvia,Southern and Eastern Europe,"Europe, Middle East & Oceania"
Lebanon,North Africa and the Middle East,"Europe, Middle East & Oceania"
Lesotho,Sub-Saharan Africa,Sub-Saharan Africa
Liberia,Sub-Saharan Africa,Sub-Saharan Africa
Libya,North Africa and the Middle East,"Europe, Middle East & Oceania"
Liechtenstein,North-West Europe,"Europe, Middle East & Oceania"
Lithuania,Southern and Eastern Europe,"Europe, Middle East & Oceania"
Luxembourg,North-West Europe,"Europe, Middle East & Oceania"
Macau,North-East Asia,North-East Asia
Madagascar,Sub-Saharan Africa,Sub-Saharan Africa
Malawi,Sub-Saharan Africa,Sub-Saharan Africa
Malaysia,South-East Asia,South-East Asia
Maldives,Southern and Central Asia,South & Central Asia
Mali,Sub-Saharan Africa,Sub-Saharan Africa
Malta,Southern and Eastern Europe,"Europe, Middle East & Oceania"
Marshall Islands,Oceania and Antarctica,"Europe, Middle East & Oceania"
Mauritania,Sub-Saharan Africa,Sub-Saharan Africa
Mauritius,Sub-Saharan Africa,Sub-Saharan Africa
Mexico,Americas,Americas
"Micronesia, Federated States of",Oceania and Antarctica,"Europe, Middle East & Oceania"
Moldova,Southern and Eastern Europe,"Europe, Middle East & Oceania"
Monaco,North-West Europe,"Europe, Middle East & Oceania"
Mongolia,North-East Asia,North-East Asia
Montenegro,Southern and Eastern Europe,"Europe, Middle East & Oceania"
Morocco,North Africa and the Middle East,"Europe, Middle East & Oceania"
Mozambique,Sub-Saharan Africa,Sub-Saharan Africa
Myanmar,South-East Asia,South-East Asia
Namibia,Sub-Saharan Africa,Sub-Saharan Africa
Nauru,Oceania and Antarctica,"Europe, Middle East & Oceania"
Nepal,Southern and Central Asia,South & Central Asia
Netherlands,North-West Europe,"Europe, Middle East & Oceania"
Netherlands Antilles,Americas,Americas
New Caledonia,Oceania and Antarctica,"Europe, Middle East & Oceania"
Nicaragua,Americas,Americas
Niger,Sub-Saharan Africa,Sub-Saharan Africa
Nigeria,Sub-Saharan Africa,Sub-Saharan Africa
North Macedonia,Southern and Eastern Europe,"Europe, Middle East & Oceania"
Norway,North-West Europe,"Europe, Middle East & Oceania"
Oman,North Africa and the Middle East,"Europe, Middle East & Oceania"
Other,Unknown,"Europe, Middle East & Oceania"
Pakistan,Southern and Central Asia,South & Central Asia
Palau,Oceania and Antarctica,"Europe, Middle East & Oceania"
Panama,Americas,Americas
Papua New Guinea,Oceania and Antarctica,"Europe, Middle East & Oceania"
Paraguay,Americas,Americas
Peru,Americas,Americas
Philippines,South-East Asia,South-East Asia
Pitcairn Islands,Oceania and Antarctica,"Europe, Middle East & Oceania"
Poland,Southern and Eastern Europe,"Europe, Middle East & Oceania"
Portugal,Southern and Eastern Europe,"Europe, Middle East & Oceania"
Puerto Rico,Americas,Americas
Qatar,North Africa and the Middle East,"Europe, Middle East & Oceania"
Reunion,Sub-Saharan Africa,Sub-Saharan Africa
Romania,Southern and Eastern Europe,"Europe, Middle East & Oceania"
Russian Federation,Southern and Eastern Europe,"Europe, Middle East & Oceania"
Rwanda,Sub-Saharan Africa,Sub-Saharan Africa
Samoa,Oceania and Antarctica,"Europe, Middle East & Oceania"
"Samoa, American",Oceania and Antarctica,"Europe, Middle East & Oceania"
San Marino,Southern and Eastern Europe,"Europe, Middle East & Oceania"
Saudi Arabia,North Africa and the Middle East,"Europe, Middle East & Oceania"
Senegal,Sub-Saharan Africa,Sub-Saharan Africa
Serbia,Southern and Eastern Europe,"Europe, Middle East & Oceania"
Seychelles,Sub-Saharan Africa,Sub-Saharan Africa
Sierra Leone,Sub-Saharan Africa,Sub-Saharan Africa
Singapore,South-East Asia,South-East Asia
Slovakia,Southern and Eastern Europe,"Europe, Middle East & Oceania"
Slovenia,Southern and Eastern Europe,"Europe, Middle East & Oceania"
Solomon Islands,Oceania and Antarctica,"Europe, Middle East & Oceania"
Somalia,Sub-Saharan Africa,Sub-Saharan Africa
South Africa,Sub-Saharan Africa,Sub-Saharan Africa
South Sudan,North Africa and the Middle East,"Europe, Middle East & Oceania"
Spain,Southern and Eastern Europe,"Europe, Middle East & Oceania"
Sri Lanka,Southern and Central Asia,South & Central Asia
St Helena,Sub-Saharan Africa,Sub-Saharan Africa
St Kitts and Nevis,Americas,Americas
St Lucia,Americas,Americas
St Vincent and the Grenadines,Americas,Americas
Sudan,North Africa and the Middle East,"Europe, Middle East & Oceania"
Suriname,Americas,Americas
Swaziland,Sub-Saharan Africa,Sub-Saharan Africa
Sweden,North-West Europe,"Europe, Middle East & Oceania"
Switzerland,North-West Europe,"Europe, Middle East & Oceania"
Syria,North Africa and the Middle East,"Europe, Middle East & Oceania"
Taiwan,North-East Asia,North-East Asia
Tajikistan,Southern and Central Asia,South & Central Asia
Tanzania,Sub-Saharan Africa,Sub-Saharan Africa
Thailand,South-East Asia,South-East Asia
Timor-Leste,South-East Asia,South-East Asia
Togo,Sub-Saharan Africa,Sub-Saharan Africa
Tonga,Oceania and Antarctica,"Europe, Middle East & Oceania"
Trinidad and Tobago,Americas,Americas
Tunisia,North Africa and the Middle East,"Europe, Middle East & Oceania"
Turkiye,North Africa and the Middle East,"Europe, Middle East & Oceania"
Turkmenistan,Southern and Central Asia,South & Central Asia
Tuvalu,Oceania and Antarctica,"Europe, Middle East & Oceania"
Uganda,Sub-Saharan Africa,Sub-Saharan Africa
Ukraine,Southern and Eastern Europe,"Europe, Middle East & Oceania"
United Arab Emirates,North Africa and the Middle East,"Europe, Middle East & Oceania"
United Kingdom,North-West Europe,"Europe, Middle East & Oceania"
United Kingdom (Other),Unknown,"Europe, Middle East & Oceania"
United States (Territories),Americas,Americas
United States of America,Americas,Americas
Uruguay,Americas,Americas
Uzbekistan,Southern and Central Asia,South & Central Asia
Vanuatu,Oceania and Antarctica,"Europe, Middle East & Oceania"
Venezuela,Americas,Americas
Vietnam,South-East Asia,South-East Asia
"Virgin Islands, British",Americas,Americas
Yemen,North Africa and the Middle East,"Europe, Middle East & Oceania"
Zambia,Sub-Saharan Africa,Sub-Saharan Africa
Zimbabwe,Sub-Saharan Africa,Sub-Saharan Africa
