year,sector,enrolments
2005,Higher Education,178791
2005,VET,51012
2005,ELICOS,65838
2005,Schools,25115
2005,Non-award,25663
2006,Higher Education,186280
2006,VET,67181
2006,ELICOS,78498
2006,Schools,24483
2006,Non-award,25556
2007,Higher Education,192993
2007,VET,102419
2007,ELICOS,103803
2007,Schools,26898
2007,Non-award,26776
2008,Higher Education,202943
2008,VET,154598
2008,ELICOS,128988
2008,Schools,28828
2008,Non-award,29542
2009,Higher Education,226467
2009,VET,208510
2009,ELICOS,139173
2009,Schools,27878
2009,Non-award,30941
2010,Higher Education,242750
2010,VET,205549
2010,ELICOS,113881
2010,Schools,24128
2010,Non-award,30862
2011,Higher Education,241636
2011,VET,169733
2011,ELICOS,94819
2011,Schools,20726
2011,Non-award,27570
2012,Higher Education,230493
2012,VET,144344
2012,ELICOS,94833
2012,Schools,18512
2012,Non-award,25110
2013,Higher Education,230848
2013,VET,134304
2013,ELICOS,113499
2013,Schools,17741
2013,Non-award,27930
2014,Higher Education,249471
2014,VET,149508
2014,ELICOS,134779
2014,Schools,18384
2014,Non-award,34201
2015,Higher Education,271823
2015,VET,168654
2015,ELICOS,143150
2015,Schools,20525
2015,Non-award,37598
2016,Higher Education,305526
2016,VET,187026
2016,ELICOS,149015
2016,Schools,23245
2016,Non-award,44051
2017,Higher Education,349293
2017,VET,216833
2017,ELICOS,153900
2017,Schools,25644
2017,Non-award,49988
2018,Higher Education,398363
2018,VET,243022
2018,ELICOS,154655
2018,Schools,26708
2018,Non-award,49852
2019,Higher Education,440869
2019,VET,281386
2019,ELICOS,156459
2019,Schools,25459
2019,Non-award,48219
2020,Higher Education,418365
2020,VET,304389
2020,ELICOS,104722
2020,Schools,20070
2020,Non-award,32328
2021,Higher Education,365647
2021,VET,281695
2021,ELICOS,41841
2021,Schools,13018
2021,Non-award,13589
2022,Higher Education,359926
2022,VET,270969
2022,ELICOS,79357
2022,Schools,11713
2022,Non-award,20109
2023,Higher Education,434656
2023,VET,324841
2023,ELICOS,161396
2023,Schools,15827
2023,Non-award,32246
2024,Higher Education,497187
2024,VET,391556
2024,ELICOS,144206
2024,Schools,19624
2024,Non-award,36039
2025,Higher Education,545259
2025,VET,363542
2025,ELICOS,93219
2025,Schools,20344
2025,Non-award,35676
