year,state,enrolments
2005,ACT,6362
2005,NSW,136028
2005,NT,408
2005,QLD,56066
2005,SA,18011
2005,TAS,3737
2005,VIC,94383
2005,WA,31424
2006,ACT,6496
2006,NSW,151206
2006,NT,471
2006,QLD,60541
2006,SA,20487
2006,TAS,4015
2006,VIC,106220
2006,WA,32562
2007,ACT,6901
2007,NSW,182193
2007,NT,567
2007,QLD,68093
2007,SA,23428
2007,TAS,4212
2007,VIC,132268
2007,WA,35227
2008,ACT,7814
2008,NSW,215688
2008,NT,757
2008,QLD,84743
2008,SA,28063
2008,TAS,4676
2008,VIC,161463
2008,WA,41695
2009,ACT,9785
2009,NSW,238633
2009,NT,1040
2009,QLD,103218
2009,SA,33983
2009,TAS,5205
2009,VIC,191154
2009,WA,49951
2010,ACT,11297
2010,NSW,230333
2010,NT,1256
2010,QLD,103179
2010,SA,34361
2010,TAS,5124
2010,VIC,182855
2010,WA,48762
2011,ACT,11275
2011,NSW,207478
2011,NT,1278
2011,QLD,92210
2011,SA,31311
2011,TAS,4781
2011,VIC,161568
2011,WA,44563
2012,ACT,10934
2012,NSW,192910
2012,NT,1397
2012,QLD,85157
2012,SA,28127
2012,TAS,4733
2012,VIC,148464
2012,WA,41505
2013,ACT,11032
2013,NSW,195875
2013,NT,1561
2013,QLD,86787
2013,SA,28354
2013,TAS,4674
2013,VIC,153459
2013,WA,42207
2014,ACT,12409
2014,NSW,218323
2014,NT,1887
2014,QLD,96840
2014,SA,30686
2014,TAS,4701
2014,VIC,175274
2014,WA,45756
2015,ACT,12848
2015,NSW,241028
2015,NT,2166
2015,QLD,102502
2015,SA,32034
2015,TAS,5396
2015,VIC,195381
2015,WA,50299
2016,ACT,14438
2016,NSW,266362
2016,NT,2332
2016,QLD,110746
2016,SA,34062
2016,TAS,6484
2016,VIC,219620
2016,WA,54808
2017,ACT,16927
2017,NSW,302928
2017,NT,2551
2017,QLD,123120
2017,SA,35687
2017,TAS,9003
2017,VIC,251891
2017,WA,53550
2018,ACT,19232
2018,NSW,335336
2018,NT,2751
2018,QLD,134381
2018,SA,38073
2018,TAS,11524
2018,VIC,279687
2018,WA,51616
2019,ACT,18844
2019,NSW,364821
2019,NT,3658
2019,QLD,144563
2019,SA,44297
2019,TAS,15508
2019,VIC,307333
2019,WA,53368
2020,ACT,17212
2020,NSW,335833
2020,NT,4706
2020,QLD,128045
2020,SA,45443
2020,TAS,16050
2020,VIC,282721
2020,WA,49864
2021,ACT,17026
2021,NSW,272693
2021,NT,4402
2021,QLD,98911
2021,SA,40596
2021,TAS,14092
2021,VIC,227222
2021,WA,40848
2022,ACT,18256
2022,NSW,289914
2022,NT,4192
2022,QLD,107026
2022,SA,42950
2022,TAS,12564
2022,VIC,222333
2022,WA,44839
2023,ACT,21015
2023,NSW,371903
2023,NT,5568
2023,QLD,147557
2023,SA,54546
2023,TAS,10658
2023,VIC,285900
2023,WA,71819
2024,ACT,22546
2024,NSW,415483
2024,NT,5706
2024,QLD,157211
2024,SA,59357
2024,TAS,10260
2024,VIC,327846
2024,WA,90203
2025,ACT,21714
2025,NSW,403139
2025,NT,5967
2025,QLD,148589
2025,SA,57327
2025,TAS,9427
2025,VIC,322347
2025,WA,89530
